[{"model": "admin.logentry", "pk": 1, "fields": {"action_time": "2024-10-27T11:45:19.532Z", "user": "70d0e585-f26e-46e0-9349-8271277e573b", "content_type": 49, "object_id": "1", "object_repr": "Unidade I", "action_flag": 1, "change_message": "[{\"added\": {}}]"}}, {"model": "admin.logentry", "pk": 2, "fields": {"action_time": "2024-10-27T11:46:50.869Z", "user": "70d0e585-f26e-46e0-9349-8271277e573b", "content_type": 12, "object_id": "5ef14613-3dfe-42f6-a349-0eb15cfa3c99", "object_repr": "user1 - Usuário1", "action_flag": 1, "change_message": "[{\"added\": {}}]"}}, {"model": "admin.logentry", "pk": 3, "fields": {"action_time": "2024-10-27T11:47:02.594Z", "user": "70d0e585-f26e-46e0-9349-8271277e573b", "content_type": 44, "object_id": "1", "object_repr": "Unidade I - Local A", "action_flag": 1, "change_message": "[{\"added\": {}}]"}}, {"model": "admin.logentry", "pk": 4, "fields": {"action_time": "2024-10-27T11:50:44.481Z", "user": "70d0e585-f26e-46e0-9349-8271277e573b", "content_type": 44, "object_id": "1", "object_repr": "Unidade I - Local A", "action_flag": 2, "change_message": "[]"}}, {"model": "admin.logentry", "pk": 5, "fields": {"action_time": "2024-10-27T11:51:11.275Z", "user": "70d0e585-f26e-46e0-9349-8271277e573b", "content_type": 46, "object_id": "1", "object_repr": "Unidade I - Auxiliar", "action_flag": 1, "change_message": "[{\"added\": {}}]"}}, {"model": "admin.logentry", "pk": 6, "fields": {"action_time": "2024-10-27T11:51:40.148Z", "user": "70d0e585-f26e-46e0-9349-8271277e573b", "content_type": 46, "object_id": "2", "object_repr": "Unidade I - Triagem", "action_flag": 1, "change_message": "[{\"added\": {}}]"}}, {"model": "admin.logentry", "pk": 7, "fields": {"action_time": "2024-10-27T11:51:50.110Z", "user": "70d0e585-f26e-46e0-9349-8271277e573b", "content_type": 46, "object_id": "3", "object_repr": "Unidade I - Supervisor", "action_flag": 1, "change_message": "[{\"added\": {}}]"}}, {"model": "admin.logentry", "pk": 8, "fields": {"action_time": "2024-10-27T11:52:34.228Z", "user": "70d0e585-f26e-46e0-9349-8271277e573b", "content_type": 47, "object_id": "1", "object_repr": "Unidade I - Convencional", "action_flag": 1, "change_message": "[{\"added\": {}}]"}}, {"model": "admin.logentry", "pk": 9, "fields": {"action_time": "2024-10-27T11:52:45.416Z", "user": "70d0e585-f26e-46e0-9349-8271277e573b", "content_type": 47, "object_id": "2", "object_repr": "Unidade I - Prioridade", "action_flag": 1, "change_message": "[{\"added\": {}}]"}}, {"model": "admin.logentry", "pk": 10, "fields": {"action_time": "2024-10-27T11:53:23.283Z", "user": "70d0e585-f26e-46e0-9349-8271277e573b", "content_type": 43, "object_id": "1", "object_repr": "Unidade I - RECEPÇÃO", "action_flag": 1, "change_message": "[{\"added\": {}}]"}}, {"model": "admin.logentry", "pk": 11, "fields": {"action_time": "2024-10-27T11:53:47.551Z", "user": "70d0e585-f26e-46e0-9349-8271277e573b", "content_type": 48, "object_id": "1", "object_repr": "Unidade I - INFORMAÇÕES", "action_flag": 1, "change_message": "[{\"added\": {}}]"}}, {"model": "admin.logentry", "pk": 12, "fields": {"action_time": "2024-10-27T11:54:07.269Z", "user": "70d0e585-f26e-46e0-9349-8271277e573b", "content_type": 43, "object_id": "2", "object_repr": "Unidade I - FINANCEIRO", "action_flag": 1, "change_message": "[{\"added\": {}}]"}}, {"model": "admin.logentry", "pk": 13, "fields": {"action_time": "2024-10-27T11:54:13.298Z", "user": "70d0e585-f26e-46e0-9349-8271277e573b", "content_type": 48, "object_id": "2", "object_repr": "Unidade I - FINANCIAMENTO", "action_flag": 1, "change_message": "[{\"added\": {}}]"}}, {"model": "admin.logentry", "pk": 14, "fields": {"action_time": "2024-10-27T11:55:13.708Z", "user": "70d0e585-f26e-46e0-9349-8271277e573b", "content_type": 43, "object_id": "3", "object_repr": "Unidade I - OUVIDORIA", "action_flag": 1, "change_message": "[{\"added\": {}}]"}}, {"model": "admin.logentry", "pk": 15, "fields": {"action_time": "2024-10-27T11:55:20.279Z", "user": "70d0e585-f26e-46e0-9349-8271277e573b", "content_type": 48, "object_id": "3", "object_repr": "Unidade I - RECLAMAÇÃO", "action_flag": 1, "change_message": "[{\"added\": {}}]"}}, {"model": "admin.logentry", "pk": 16, "fields": {"action_time": "2024-10-27T11:55:33.228Z", "user": "70d0e585-f26e-46e0-9349-8271277e573b", "content_type": 39, "object_id": "1", "object_repr": "user1 - Usuário1", "action_flag": 1, "change_message": "[{\"added\": {}}]"}}, {"model": "admin.logentry", "pk": 17, "fields": {"action_time": "2024-10-27T11:56:58.614Z", "user": "70d0e585-f26e-46e0-9349-8271277e573b", "content_type": 12, "object_id": "a56aceb9-58a1-4df1-847c-2d1a35f51544", "object_repr": "user2 - Usuário2", "action_flag": 1, "change_message": "[{\"added\": {}}]"}}, {"model": "admin.logentry", "pk": 18, "fields": {"action_time": "2024-10-27T11:57:19.214Z", "user": "70d0e585-f26e-46e0-9349-8271277e573b", "content_type": 39, "object_id": "2", "object_repr": "user2 - Usuário2", "action_flag": 1, "change_message": "[{\"added\": {}}]"}}, {"model": "admin.logentry", "pk": 19, "fields": {"action_time": "2024-10-27T11:57:48.133Z", "user": "70d0e585-f26e-46e0-9349-8271277e573b", "content_type": 12, "object_id": "e5becad2-8de1-465a-83b2-63a02bf3ef0d", "object_repr": "user3 - Usuário3", "action_flag": 1, "change_message": "[{\"added\": {}}]"}}, {"model": "admin.logentry", "pk": 20, "fields": {"action_time": "2024-10-27T11:57:56.522Z", "user": "70d0e585-f26e-46e0-9349-8271277e573b", "content_type": 39, "object_id": "3", "object_repr": "user3 - Usuário3", "action_flag": 1, "change_message": "[{\"added\": {}}]"}}, {"model": "admin.logentry", "pk": 21, "fields": {"action_time": "2024-10-27T12:00:05.196Z", "user": "70d0e585-f26e-46e0-9349-8271277e573b", "content_type": 39, "object_id": "3", "object_repr": "user3 - Usuário3", "action_flag": 2, "change_message": "[{\"changed\": {\"fields\": [\"Perfil\", \"Servicos\"]}}]"}}, {"model": "admin.logentry", "pk": 22, "fields": {"action_time": "2024-10-27T12:00:46.900Z", "user": "70d0e585-f26e-46e0-9349-8271277e573b", "content_type": 12, "object_id": "31913411-c2ae-4058-b87e-3de649702b05", "object_repr": "user4 - Usuário4", "action_flag": 1, "change_message": "[{\"added\": {}}]"}}, {"model": "admin.logentry", "pk": 23, "fields": {"action_time": "2024-10-27T12:01:04.501Z", "user": "70d0e585-f26e-46e0-9349-8271277e573b", "content_type": 44, "object_id": "2", "object_repr": "Unidade I - Local B", "action_flag": 1, "change_message": "[{\"added\": {}}]"}}, {"model": "admin.logentry", "pk": 24, "fields": {"action_time": "2024-10-27T12:01:13.069Z", "user": "70d0e585-f26e-46e0-9349-8271277e573b", "content_type": 44, "object_id": "3", "object_repr": "Unidade I - Mesa", "action_flag": 1, "change_message": "[{\"added\": {}}]"}}, {"model": "admin.logentry", "pk": 25, "fields": {"action_time": "2024-10-27T12:01:28.818Z", "user": "70d0e585-f26e-46e0-9349-8271277e573b", "content_type": 39, "object_id": "4", "object_repr": "user4 - Usuário4", "action_flag": 1, "change_message": "[{\"added\": {}}]"}}, {"model": "admin.logentry", "pk": 26, "fields": {"action_time": "2024-10-27T12:01:38.657Z", "user": "70d0e585-f26e-46e0-9349-8271277e573b", "content_type": 39, "object_id": "1", "object_repr": "user1 - Usuário1", "action_flag": 2, "change_message": "[{\"changed\": {\"fields\": [\"Prioridade\"]}}]"}}, {"model": "admin.logentry", "pk": 27, "fields": {"action_time": "2024-10-27T13:20:51.776Z", "user": "70d0e585-f26e-46e0-9349-8271277e573b", "content_type": 44, "object_id": "1", "object_repr": "Unidade I - Sala", "action_flag": 2, "change_message": "[{\"changed\": {\"fields\": [\"Nome\"]}}]"}}, {"model": "admin.logentry", "pk": 28, "fields": {"action_time": "2024-10-27T13:20:57.642Z", "user": "70d0e585-f26e-46e0-9349-8271277e573b", "content_type": 44, "object_id": "2", "object_repr": "Unidade I - Guichê", "action_flag": 2, "change_message": "[{\"changed\": {\"fields\": [\"Nome\"]}}]"}}, {"model": "admin.logentry", "pk": 29, "fields": {"action_time": "2024-10-27T13:21:17.410Z", "user": "70d0e585-f26e-46e0-9349-8271277e573b", "content_type": 39, "object_id": "5", "object_repr": "admin - ", "action_flag": 1, "change_message": "[{\"added\": {}}]"}}, {"model": "admin.logentry", "pk": 30, "fields": {"action_time": "2024-10-27T13:21:40.397Z", "user": "70d0e585-f26e-46e0-9349-8271277e573b", "content_type": 12, "object_id": "70d0e585-f26e-46e0-9349-8271277e573b", "object_repr": "admin - Administrador", "action_flag": 2, "change_message": "[{\"changed\": {\"fields\": [\"First name\", \"Last name\"]}}]"}}, {"model": "admin.logentry", "pk": 31, "fields": {"action_time": "2024-10-27T13:21:45.529Z", "user": "70d0e585-f26e-46e0-9349-8271277e573b", "content_type": 39, "object_id": "5", "object_repr": "admin - Administrador", "action_flag": 2, "change_message": "[]"}}, {"model": "admin.logentry", "pk": 32, "fields": {"action_time": "2024-10-27T14:49:00.543Z", "user": "70d0e585-f26e-46e0-9349-8271277e573b", "content_type": 12, "object_id": "5ef14613-3dfe-42f6-a349-0eb15cfa3c99", "object_repr": "user1 - Usuário1", "action_flag": 2, "change_message": "[{\"changed\": {\"fields\": [\"User permissions\"]}}]"}}, {"model": "admin.logentry", "pk": 33, "fields": {"action_time": "2024-10-27T15:49:39.274Z", "user": "70d0e585-f26e-46e0-9349-8271277e573b", "content_type": 39, "object_id": "1", "object_repr": "user1 - Usuário1", "action_flag": 2, "change_message": "[{\"changed\": {\"fields\": [\"Perfil\"]}}]"}}, {"model": "admin.logentry", "pk": 34, "fields": {"action_time": "2024-10-27T20:39:17.676Z", "user": "70d0e585-f26e-46e0-9349-8271277e573b", "content_type": 12, "object_id": "70d0e585-f26e-46e0-9349-8271277e573b", "object_repr": "admin - Administrador", "action_flag": 2, "change_message": "[{\"changed\": {\"fields\": [\"First name\", \"Last name\"]}}]"}}, {"model": "admin.logentry", "pk": 35, "fields": {"action_time": "2024-10-27T20:39:37.234Z", "user": "70d0e585-f26e-46e0-9349-8271277e573b", "content_type": 39, "object_id": "1", "object_repr": "user1 - Usuário1", "action_flag": 2, "change_message": "[{\"changed\": {\"fields\": [\"Perfil\"]}}]"}}, {"model": "admin.logentry", "pk": 36, "fields": {"action_time": "2024-10-27T20:46:19.640Z", "user": "70d0e585-f26e-46e0-9349-8271277e573b", "content_type": 39, "object_id": "1", "object_repr": "user1 - Usuário1", "action_flag": 2, "change_message": "[{\"changed\": {\"fields\": [\"Servicos\"]}}]"}}, {"model": "admin.logentry", "pk": 37, "fields": {"action_time": "2024-10-28T02:25:14.670Z", "user": "70d0e585-f26e-46e0-9349-8271277e573b", "content_type": 12, "object_id": "5ef14613-3dfe-42f6-a349-0eb15cfa3c99", "object_repr": "user1 - Usuário1", "action_flag": 2, "change_message": "[{\"changed\": {\"fields\": [\"User permissions\"]}}]"}}, {"model": "admin.logentry", "pk": 38, "fields": {"action_time": "2024-10-28T02:42:41.944Z", "user": "70d0e585-f26e-46e0-9349-8271277e573b", "content_type": 23, "object_id": "e0215ce3-bfb7-4d22-9ad4-463b71be6168", "object_repr": "Reunião", "action_flag": 1, "change_message": "[{\"added\": {}}]"}}, {"model": "admin.logentry", "pk": 39, "fields": {"action_time": "2024-10-28T02:42:52.314Z", "user": "70d0e585-f26e-46e0-9349-8271277e573b", "content_type": 23, "object_id": "90861432-8247-4b48-86f2-a92765763f8f", "object_repr": "Treinamento", "action_flag": 1, "change_message": "[{\"added\": {}}]"}}, {"model": "admin.logentry", "pk": 40, "fields": {"action_time": "2024-10-28T02:43:02.785Z", "user": "70d0e585-f26e-46e0-9349-8271277e573b", "content_type": 23, "object_id": "00430953-6f27-4c4b-a764-295cf6d5d1bc", "object_repr": "Entrevista", "action_flag": 1, "change_message": "[{\"added\": {}}]"}}, {"model": "admin.logentry", "pk": 41, "fields": {"action_time": "2024-10-28T02:43:20.299Z", "user": "70d0e585-f26e-46e0-9349-8271277e573b", "content_type": 23, "object_id": "9994a0c2-1cf6-46b6-b965-138b2d841b5a", "object_repr": "Aplicação de Teste", "action_flag": 1, "change_message": "[{\"added\": {}}]"}}, {"model": "admin.logentry", "pk": 42, "fields": {"action_time": "2024-10-28T02:45:39.572Z", "user": "70d0e585-f26e-46e0-9349-8271277e573b", "content_type": 21, "object_id": "2db47db1-f485-4306-916a-0ac1cd04bb35", "object_repr": "Configuração padrão", "action_flag": 1, "change_message": "[{\"added\": {}}]"}}, {"model": "admin.logentry", "pk": 43, "fields": {"action_time": "2024-10-28T02:45:55.023Z", "user": "70d0e585-f26e-46e0-9349-8271277e573b", "content_type": 21, "object_id": "2db47db1-f485-4306-916a-0ac1cd04bb35", "object_repr": "Configuração padrão", "action_flag": 2, "change_message": "[{\"changed\": {\"fields\": [\"Sistema ativo\"]}}]"}}, {"model": "admin.logentry", "pk": 44, "fields": {"action_time": "2024-10-28T11:28:02.162Z", "user": "70d0e585-f26e-46e0-9349-8271277e573b", "content_type": 12, "object_id": "5ef14613-3dfe-42f6-a349-0eb15cfa3c99", "object_repr": "user1 - Usuário1", "action_flag": 2, "change_message": "[{\"changed\": {\"fields\": [\"User permissions\"]}}]"}}, {"model": "admin.logentry", "pk": 45, "fields": {"action_time": "2024-10-28T11:29:10.880Z", "user": "70d0e585-f26e-46e0-9349-8271277e573b", "content_type": 9, "object_id": "1c0b74de-c7cc-46f2-b6af-10515c4d4076", "object_repr": "Local Backend", "action_flag": 1, "change_message": "[{\"added\": {}}]"}}, {"model": "admin.logentry", "pk": 46, "fields": {"action_time": "2024-10-28T11:29:57.784Z", "user": "70d0e585-f26e-46e0-9349-8271277e573b", "content_type": 12, "object_id": "5ef14613-3dfe-42f6-a349-0eb15cfa3c99", "object_repr": "user1 - Usuário1", "action_flag": 2, "change_message": "[{\"changed\": {\"fields\": [\"User permissions\"]}}]"}}, {"model": "admin.logentry", "pk": 47, "fields": {"action_time": "2024-10-29T02:05:30.784Z", "user": "70d0e585-f26e-46e0-9349-8271277e573b", "content_type": 18, "object_id": "a8508aac-4d51-458c-af34-7b8073304f4f", "object_repr": "Aplicação", "action_flag": 1, "change_message": "[{\"added\": {}}]"}}, {"model": "admin.logentry", "pk": 48, "fields": {"action_time": "2024-10-29T02:05:37.573Z", "user": "70d0e585-f26e-46e0-9349-8271277e573b", "content_type": 18, "object_id": "c7e949ec-6562-40bc-952e-1f8c2922495d", "object_repr": "Banco de dados", "action_flag": 1, "change_message": "[{\"added\": {}}]"}}, {"model": "admin.logentry", "pk": 49, "fields": {"action_time": "2024-10-29T02:06:30.821Z", "user": "70d0e585-f26e-46e0-9349-8271277e573b", "content_type": 18, "object_id": "eef8d991-edfc-4660-b621-4e1912d3adf4", "object_repr": "Serviço", "action_flag": 1, "change_message": "[{\"added\": {}}]"}}, {"model": "admin.logentry", "pk": 50, "fields": {"action_time": "2024-10-29T02:06:49.767Z", "user": "70d0e585-f26e-46e0-9349-8271277e573b", "content_type": 17, "object_id": "95eca7ad-10b3-41cb-a665-ca1178470c83", "object_repr": "Desenvolvimento", "action_flag": 1, "change_message": "[{\"added\": {}}]"}}, {"model": "admin.logentry", "pk": 51, "fields": {"action_time": "2024-10-29T02:06:59.912Z", "user": "70d0e585-f26e-46e0-9349-8271277e573b", "content_type": 17, "object_id": "2cf9e069-efe3-460a-a191-9402a8fb62c5", "object_repr": "Infraestrutura", "action_flag": 1, "change_message": "[{\"added\": {}}]"}}, {"model": "admin.logentry", "pk": 52, "fields": {"action_time": "2024-10-29T02:12:12.014Z", "user": "70d0e585-f26e-46e0-9349-8271277e573b", "content_type": 9, "object_id": "1c0b74de-c7cc-46f2-b6af-10515c4d4076", "object_repr": "Local Backend", "action_flag": 2, "change_message": "[{\"changed\": {\"fields\": [\"URL\", \"Refer\\u00eancia\"]}}]"}}, {"model": "admin.logentry", "pk": 53, "fields": {"action_time": "2024-10-29T02:12:22.767Z", "user": "70d0e585-f26e-46e0-9349-8271277e573b", "content_type": 9, "object_id": "1c0b74de-c7cc-46f2-b6af-10515c4d4076", "object_repr": "Local Backend", "action_flag": 2, "change_message": "[{\"changed\": {\"fields\": [\"Refer\\u00eancia\"]}}]"}}, {"model": "admin.logentry", "pk": 54, "fields": {"action_time": "2024-10-29T02:15:20.413Z", "user": "70d0e585-f26e-46e0-9349-8271277e573b", "content_type": 9, "object_id": "1c0b74de-c7cc-46f2-b6af-10515c4d4076", "object_repr": "Local Backend", "action_flag": 2, "change_message": "[{\"changed\": {\"fields\": [\"URL\"]}}]"}}, {"model": "admin.logentry", "pk": 55, "fields": {"action_time": "2024-10-29T02:16:23.603Z", "user": "70d0e585-f26e-46e0-9349-8271277e573b", "content_type": 9, "object_id": "1c0b74de-c7cc-46f2-b6af-10515c4d4076", "object_repr": "Google", "action_flag": 2, "change_message": "[{\"changed\": {\"fields\": [\"Servi\\u00e7o\", \"URL\", \"Refer\\u00eancia\"]}}]"}}, {"model": "admin.logentry", "pk": 56, "fields": {"action_time": "2024-10-29T02:20:47.721Z", "user": "70d0e585-f26e-46e0-9349-8271277e573b", "content_type": 9, "object_id": "4ba162d0-8d23-482a-af4f-623a95c756a1", "object_repr": "Local", "action_flag": 1, "change_message": "[{\"added\": {}}]"}}, {"model": "admin.logentry", "pk": 57, "fields": {"action_time": "2024-10-29T02:28:43.167Z", "user": "70d0e585-f26e-46e0-9349-8271277e573b", "content_type": 9, "object_id": "4ba162d0-8d23-482a-af4f-623a95c756a1", "object_repr": "Local", "action_flag": 2, "change_message": "[{\"changed\": {\"fields\": [\"URL\"]}}]"}}, {"model": "admin.logentry", "pk": 58, "fields": {"action_time": "2024-10-29T02:29:22.586Z", "user": "70d0e585-f26e-46e0-9349-8271277e573b", "content_type": 9, "object_id": "4ba162d0-8d23-482a-af4f-623a95c756a1", "object_repr": "MS Teams", "action_flag": 2, "change_message": "[{\"changed\": {\"fields\": [\"Servi\\u00e7o\", \"URL\"]}}]"}}, {"model": "admin.logentry", "pk": 59, "fields": {"action_time": "2024-10-29T03:08:26.034Z", "user": "70d0e585-f26e-46e0-9349-8271277e573b", "content_type": 29, "object_id": "2084ac95-167c-4955-83a9-45e4b44b9146", "object_repr": "Documentação", "action_flag": 1, "change_message": "[{\"added\": {}}]"}}, {"model": "admin.logentry", "pk": 60, "fields": {"action_time": "2024-10-29T03:08:30.463Z", "user": "70d0e585-f26e-46e0-9349-8271277e573b", "content_type": 29, "object_id": "86dc25ed-a37f-46a2-bebb-053357f714fd", "object_repr": "Tutorial", "action_flag": 1, "change_message": "[{\"added\": {}}]"}}, {"model": "admin.logentry", "pk": 61, "fields": {"action_time": "2024-10-29T03:17:42.771Z", "user": "70d0e585-f26e-46e0-9349-8271277e573b", "content_type": 16, "object_id": "47a243f9-08a2-44ce-ba32-a4b8cc973be0", "object_repr": "Admin Localhost - Aplicação", "action_flag": 1, "change_message": "[{\"added\": {}}]"}}, {"model": "admin.logentry", "pk": 62, "fields": {"action_time": "2024-10-29T03:18:53.337Z", "user": "70d0e585-f26e-46e0-9349-8271277e573b", "content_type": 12, "object_id": "39132ea0-8255-4a6b-9b84-c6a8cf23e31d", "object_repr": "augustus - Augustus", "action_flag": 1, "change_message": "[{\"added\": {}}]"}}, {"model": "admin.logentry", "pk": 63, "fields": {"action_time": "2024-10-29T03:19:46.507Z", "user": "39132ea0-8255-4a6b-9b84-c6a8cf23e31d", "content_type": 12, "object_id": "39132ea0-8255-4a6b-9b84-c6a8cf23e31d", "object_repr": "augustus - Augustus", "action_flag": 2, "change_message": "[{\"changed\": {\"fields\": [\"Superuser status\", \"User permissions\"]}}]"}}, {"model": "admin.logentry", "pk": 64, "fields": {"action_time": "2024-10-29T03:22:06.370Z", "user": "39132ea0-8255-4a6b-9b84-c6a8cf23e31d", "content_type": 16, "object_id": "47a243f9-08a2-44ce-ba32-a4b8cc973be0", "object_repr": "Admin Localhost - Aplicação", "action_flag": 2, "change_message": "[{\"changed\": {\"fields\": [\"Senha\"]}}]"}}, {"model": "auth.permission", "pk": 1, "fields": {"name": "Can add log entry", "content_type": 1, "codename": "add_logentry"}}, {"model": "auth.permission", "pk": 2, "fields": {"name": "Can change log entry", "content_type": 1, "codename": "change_logentry"}}, {"model": "auth.permission", "pk": 3, "fields": {"name": "Can delete log entry", "content_type": 1, "codename": "delete_logentry"}}, {"model": "auth.permission", "pk": 4, "fields": {"name": "Can view log entry", "content_type": 1, "codename": "view_logentry"}}, {"model": "auth.permission", "pk": 5, "fields": {"name": "Can add permission", "content_type": 2, "codename": "add_permission"}}, {"model": "auth.permission", "pk": 6, "fields": {"name": "Can change permission", "content_type": 2, "codename": "change_permission"}}, {"model": "auth.permission", "pk": 7, "fields": {"name": "Can delete permission", "content_type": 2, "codename": "delete_permission"}}, {"model": "auth.permission", "pk": 8, "fields": {"name": "Can view permission", "content_type": 2, "codename": "view_permission"}}, {"model": "auth.permission", "pk": 9, "fields": {"name": "Can add group", "content_type": 3, "codename": "add_group"}}, {"model": "auth.permission", "pk": 10, "fields": {"name": "Can change group", "content_type": 3, "codename": "change_group"}}, {"model": "auth.permission", "pk": 11, "fields": {"name": "Can delete group", "content_type": 3, "codename": "delete_group"}}, {"model": "auth.permission", "pk": 12, "fields": {"name": "Can view group", "content_type": 3, "codename": "view_group"}}, {"model": "auth.permission", "pk": 13, "fields": {"name": "Can add content type", "content_type": 4, "codename": "add_contenttype"}}, {"model": "auth.permission", "pk": 14, "fields": {"name": "Can change content type", "content_type": 4, "codename": "change_contenttype"}}, {"model": "auth.permission", "pk": 15, "fields": {"name": "Can delete content type", "content_type": 4, "codename": "delete_contenttype"}}, {"model": "auth.permission", "pk": 16, "fields": {"name": "Can view content type", "content_type": 4, "codename": "view_contenttype"}}, {"model": "auth.permission", "pk": 17, "fields": {"name": "Can add session", "content_type": 5, "codename": "add_session"}}, {"model": "auth.permission", "pk": 18, "fields": {"name": "Can change session", "content_type": 5, "codename": "change_session"}}, {"model": "auth.permission", "pk": 19, "fields": {"name": "Can delete session", "content_type": 5, "codename": "delete_session"}}, {"model": "auth.permission", "pk": 20, "fields": {"name": "Can view session", "content_type": 5, "codename": "view_session"}}, {"model": "auth.permission", "pk": 21, "fields": {"name": "Can add arquivo", "content_type": 6, "codename": "add_arquivo"}}, {"model": "auth.permission", "pk": 22, "fields": {"name": "Can change arquivo", "content_type": 6, "codename": "change_arquivo"}}, {"model": "auth.permission", "pk": 23, "fields": {"name": "Can delete arquivo", "content_type": 6, "codename": "delete_arquivo"}}, {"model": "auth.permission", "pk": 24, "fields": {"name": "Can view arquivo", "content_type": 6, "codename": "view_arquivo"}}, {"model": "auth.permission", "pk": 25, "fields": {"name": "Can add Sistema - Configuração global", "content_type": 7, "codename": "add_globalsetting"}}, {"model": "auth.permission", "pk": 26, "fields": {"name": "Can change Sistema - Configuração global", "content_type": 7, "codename": "change_globalsetting"}}, {"model": "auth.permission", "pk": 27, "fields": {"name": "Can delete Sistema - Configuração global", "content_type": 7, "codename": "delete_globalsetting"}}, {"model": "auth.permission", "pk": 28, "fields": {"name": "Can view Sistema - Configuração global", "content_type": 7, "codename": "view_globalsetting"}}, {"model": "auth.permission", "pk": 29, "fields": {"name": "Redefinir senha Global", "content_type": 7, "codename": "can_resetpassword_global"}}, {"model": "auth.permission", "pk": 30, "fields": {"name": "Pode Gerenciar Containers na Infraestrutura", "content_type": 7, "codename": "can_gerenciar_containers"}}, {"model": "auth.permission", "pk": 31, "fields": {"name": "Can add Sistema - Log de Sistema", "content_type": 8, "codename": "add_logsistema"}}, {"model": "auth.permission", "pk": 32, "fields": {"name": "Can change Sistema - Log de Sistema", "content_type": 8, "codename": "change_logsistema"}}, {"model": "auth.permission", "pk": 33, "fields": {"name": "Can delete Sistema - Log de Sistema", "content_type": 8, "codename": "delete_logsistema"}}, {"model": "auth.permission", "pk": 34, "fields": {"name": "Can view Sistema - Log de Sistema", "content_type": 8, "codename": "view_logsistema"}}, {"model": "auth.permission", "pk": 35, "fields": {"name": "Can add Monitor - Teste de Serviço", "content_type": 9, "codename": "add_monitorservico"}}, {"model": "auth.permission", "pk": 36, "fields": {"name": "Can change Monitor - Teste de Serviço", "content_type": 9, "codename": "change_monitorservico"}}, {"model": "auth.permission", "pk": 37, "fields": {"name": "Can delete Monitor - Teste de Serviço", "content_type": 9, "codename": "delete_monitorservico"}}, {"model": "auth.permission", "pk": 38, "fields": {"name": "Can view Monitor - Teste de Serviço", "content_type": 9, "codename": "view_monitorservico"}}, {"model": "auth.permission", "pk": 39, "fields": {"name": "Can add Sistema - Parâmetro", "content_type": 10, "codename": "add_systemparams"}}, {"model": "auth.permission", "pk": 40, "fields": {"name": "Can change Sistema - Parâmetro", "content_type": 10, "codename": "change_systemparams"}}, {"model": "auth.permission", "pk": 41, "fields": {"name": "Can delete Sistema - Parâmetro", "content_type": 10, "codename": "delete_systemparams"}}, {"model": "auth.permission", "pk": 42, "fields": {"name": "Can view Sistema - Parâmetro", "content_type": 10, "codename": "view_systemparams"}}, {"model": "auth.permission", "pk": 43, "fields": {"name": "Can add Teams - Canal", "content_type": 11, "codename": "add_teamschannel"}}, {"model": "auth.permission", "pk": 44, "fields": {"name": "Can change Teams - Canal", "content_type": 11, "codename": "change_teamschannel"}}, {"model": "auth.permission", "pk": 45, "fields": {"name": "Can delete Teams - Canal", "content_type": 11, "codename": "delete_teamschannel"}}, {"model": "auth.permission", "pk": 46, "fields": {"name": "Can view Teams - Canal", "content_type": 11, "codename": "view_teamschannel"}}, {"model": "auth.permission", "pk": 47, "fields": {"name": "Can add Usuário", "content_type": 12, "codename": "add_user"}}, {"model": "auth.permission", "pk": 48, "fields": {"name": "Can change Usuário", "content_type": 12, "codename": "change_user"}}, {"model": "auth.permission", "pk": 49, "fields": {"name": "Can delete Usuário", "content_type": 12, "codename": "delete_user"}}, {"model": "auth.permission", "pk": 50, "fields": {"name": "Can view Usuário", "content_type": 12, "codename": "view_user"}}, {"model": "auth.permission", "pk": 51, "fields": {"name": "Gerar Token de usuário", "content_type": 12, "codename": "generate_token"}}, {"model": "auth.permission", "pk": 52, "fields": {"name": "Can add Usuário Logado", "content_type": 13, "codename": "add_loggeduser"}}, {"model": "auth.permission", "pk": 53, "fields": {"name": "Can change Usuário Logado", "content_type": 13, "codename": "change_loggeduser"}}, {"model": "auth.permission", "pk": 54, "fields": {"name": "Can delete Usuário Logado", "content_type": 13, "codename": "delete_loggeduser"}}, {"model": "auth.permission", "pk": 55, "fields": {"name": "Can view Usuário Logado", "content_type": 13, "codename": "view_loggeduser"}}, {"model": "auth.permission", "pk": 56, "fields": {"name": "Can add Requisição de API", "content_type": 14, "codename": "add_apirequests"}}, {"model": "auth.permission", "pk": 57, "fields": {"name": "Can change Requisição de API", "content_type": 14, "codename": "change_apirequests"}}, {"model": "auth.permission", "pk": 58, "fields": {"name": "Can delete Requisição de API", "content_type": 14, "codename": "delete_apirequests"}}, {"model": "auth.permission", "pk": 59, "fields": {"name": "Can view Requisição de API", "content_type": 14, "codename": "view_apirequests"}}, {"model": "auth.permission", "pk": 60, "fields": {"name": "Can add Histórico de Acesso", "content_type": 15, "codename": "add_accesshistory"}}, {"model": "auth.permission", "pk": 61, "fields": {"name": "Can change Histórico de Acesso", "content_type": 15, "codename": "change_accesshistory"}}, {"model": "auth.permission", "pk": 62, "fields": {"name": "Can delete Histórico de Acesso", "content_type": 15, "codename": "delete_accesshistory"}}, {"model": "auth.permission", "pk": 63, "fields": {"name": "Can view Histórico de Acesso", "content_type": 15, "codename": "view_accesshistory"}}, {"model": "auth.permission", "pk": 64, "fields": {"name": "Can add Registro de Cofre", "content_type": 16, "codename": "add_cofre"}}, {"model": "auth.permission", "pk": 65, "fields": {"name": "Can change Registro de Cofre", "content_type": 16, "codename": "change_cofre"}}, {"model": "auth.permission", "pk": 66, "fields": {"name": "Can delete Registro de Cofre", "content_type": 16, "codename": "delete_cofre"}}, {"model": "auth.permission", "pk": 67, "fields": {"name": "Can view Registro de Cofre", "content_type": 16, "codename": "view_cofre"}}, {"model": "auth.permission", "pk": 68, "fields": {"name": "Acessar Cofre Infraestrutura", "content_type": 16, "codename": "cofre_infraestrutura"}}, {"model": "auth.permission", "pk": 69, "fields": {"name": "Acessar Cofre Desenvolvimento", "content_type": 16, "codename": "cofre_desenvolvimento"}}, {"model": "auth.permission", "pk": 70, "fields": {"name": "Acessar Cofre Integral", "content_type": 16, "codename": "cofre_master"}}, {"model": "auth.permission", "pk": 71, "fields": {"name": "Can add Setor", "content_type": 17, "codename": "add_setor"}}, {"model": "auth.permission", "pk": 72, "fields": {"name": "Can change Setor", "content_type": 17, "codename": "change_setor"}}, {"model": "auth.permission", "pk": 73, "fields": {"name": "Can delete Setor", "content_type": 17, "codename": "delete_setor"}}, {"model": "auth.permission", "pk": 74, "fields": {"name": "Can view Setor", "content_type": 17, "codename": "view_setor"}}, {"model": "auth.permission", "pk": 75, "fields": {"name": "Can add Tipo", "content_type": 18, "codename": "add_tipo"}}, {"model": "auth.permission", "pk": 76, "fields": {"name": "Can change Tipo", "content_type": 18, "codename": "change_tipo"}}, {"model": "auth.permission", "pk": 77, "fields": {"name": "Can delete Tipo", "content_type": 18, "codename": "delete_tipo"}}, {"model": "auth.permission", "pk": 78, "fields": {"name": "Can view Tipo", "content_type": 18, "codename": "view_tipo"}}, {"model": "auth.permission", "pk": 79, "fields": {"name": "Can add categoria", "content_type": 19, "codename": "add_categoria"}}, {"model": "auth.permission", "pk": 80, "fields": {"name": "Can change categoria", "content_type": 19, "codename": "change_categoria"}}, {"model": "auth.permission", "pk": 81, "fields": {"name": "Can delete categoria", "content_type": 19, "codename": "delete_categoria"}}, {"model": "auth.permission", "pk": 82, "fields": {"name": "Can view categoria", "content_type": 19, "codename": "view_categoria"}}, {"model": "auth.permission", "pk": 83, "fields": {"name": "Can add Repositório Dados", "content_type": 20, "codename": "add_repo"}}, {"model": "auth.permission", "pk": 84, "fields": {"name": "Can change Repositório Dados", "content_type": 20, "codename": "change_repo"}}, {"model": "auth.permission", "pk": 85, "fields": {"name": "Can delete Repositório Dados", "content_type": 20, "codename": "delete_repo"}}, {"model": "auth.permission", "pk": 86, "fields": {"name": "Can view Repositório Dados", "content_type": 20, "codename": "view_repo"}}, {"model": "auth.permission", "pk": 87, "fields": {"name": "Can add Configuração", "content_type": 21, "codename": "add_configuracao"}}, {"model": "auth.permission", "pk": 88, "fields": {"name": "Can change Configuração", "content_type": 21, "codename": "change_configuracao"}}, {"model": "auth.permission", "pk": 89, "fields": {"name": "Can delete Configuração", "content_type": 21, "codename": "delete_configuracao"}}, {"model": "auth.permission", "pk": 90, "fields": {"name": "Can view Configuração", "content_type": 21, "codename": "view_configuracao"}}, {"model": "auth.permission", "pk": 91, "fields": {"name": "Can add Espaço", "content_type": 22, "codename": "add_espaco"}}, {"model": "auth.permission", "pk": 92, "fields": {"name": "Can change Espaço", "content_type": 22, "codename": "change_espaco"}}, {"model": "auth.permission", "pk": 93, "fields": {"name": "Can delete Espaço", "content_type": 22, "codename": "delete_espaco"}}, {"model": "auth.permission", "pk": 94, "fields": {"name": "Can view Espaço", "content_type": 22, "codename": "view_espaco"}}, {"model": "auth.permission", "pk": 95, "fields": {"name": "Pode gerenciar espaços", "content_type": 22, "codename": "can_gerenciar_espaco"}}, {"model": "auth.permission", "pk": 96, "fields": {"name": "Can add finalidade", "content_type": 23, "codename": "add_finalidade"}}, {"model": "auth.permission", "pk": 97, "fields": {"name": "Can change finalidade", "content_type": 23, "codename": "change_finalidade"}}, {"model": "auth.permission", "pk": 98, "fields": {"name": "Can delete finalidade", "content_type": 23, "codename": "delete_finalidade"}}, {"model": "auth.permission", "pk": 99, "fields": {"name": "Can view finalidade", "content_type": 23, "codename": "view_finalidade"}}, {"model": "auth.permission", "pk": 100, "fields": {"name": "Can add log agenda", "content_type": 24, "codename": "add_logagenda"}}, {"model": "auth.permission", "pk": 101, "fields": {"name": "Can change log agenda", "content_type": 24, "codename": "change_logagenda"}}, {"model": "auth.permission", "pk": 102, "fields": {"name": "Can delete log agenda", "content_type": 24, "codename": "delete_logagenda"}}, {"model": "auth.permission", "pk": 103, "fields": {"name": "Can view log agenda", "content_type": 24, "codename": "view_logagenda"}}, {"model": "auth.permission", "pk": 104, "fields": {"name": "Can add regra", "content_type": 25, "codename": "add_regra"}}, {"model": "auth.permission", "pk": 105, "fields": {"name": "Can change regra", "content_type": 25, "codename": "change_regra"}}, {"model": "auth.permission", "pk": 106, "fields": {"name": "Can delete regra", "content_type": 25, "codename": "delete_regra"}}, {"model": "auth.permission", "pk": 107, "fields": {"name": "Can view regra", "content_type": 25, "codename": "view_regra"}}, {"model": "auth.permission", "pk": 108, "fields": {"name": "Can add Reserva", "content_type": 26, "codename": "add_reserva"}}, {"model": "auth.permission", "pk": 109, "fields": {"name": "Can change Reserva", "content_type": 26, "codename": "change_reserva"}}, {"model": "auth.permission", "pk": 110, "fields": {"name": "Can delete Reserva", "content_type": 26, "codename": "delete_reserva"}}, {"model": "auth.permission", "pk": 111, "fields": {"name": "Can view Reserva", "content_type": 26, "codename": "view_reserva"}}, {"model": "auth.permission", "pk": 112, "fields": {"name": "Pode acessar AgendaLabs", "content_type": 26, "codename": "can_acessar_agendalabs"}}, {"model": "auth.permission", "pk": 113, "fields": {"name": "Pode aprovar uma reserva", "content_type": 26, "codename": "can_aprovar_reserva"}}, {"model": "auth.permission", "pk": 114, "fields": {"name": "Pode cancelar uma reserva", "content_type": 26, "codename": "can_cancelar_reserva"}}, {"model": "auth.permission", "pk": 115, "fields": {"name": "Can add Tipo de Espaço", "content_type": 27, "codename": "add_tipoespaco"}}, {"model": "auth.permission", "pk": 116, "fields": {"name": "Can change Tipo de Espaço", "content_type": 27, "codename": "change_tipoespaco"}}, {"model": "auth.permission", "pk": 117, "fields": {"name": "Can delete Tipo de Espaço", "content_type": 27, "codename": "delete_tipoespaco"}}, {"model": "auth.permission", "pk": 118, "fields": {"name": "Can view Tipo de Espaço", "content_type": 27, "codename": "view_tipoespaco"}}, {"model": "auth.permission", "pk": 119, "fields": {"name": "Can add Notificação", "content_type": 28, "codename": "add_notificacao"}}, {"model": "auth.permission", "pk": 120, "fields": {"name": "Can change Notificação", "content_type": 28, "codename": "change_notificacao"}}, {"model": "auth.permission", "pk": 121, "fields": {"name": "Can delete Notificação", "content_type": 28, "codename": "delete_notificacao"}}, {"model": "auth.permission", "pk": 122, "fields": {"name": "Can view Notificação", "content_type": 28, "codename": "view_notificacao"}}, {"model": "auth.permission", "pk": 123, "fields": {"name": "Can add categoria sistema", "content_type": 29, "codename": "add_categoriasistema"}}, {"model": "auth.permission", "pk": 124, "fields": {"name": "Can change categoria sistema", "content_type": 29, "codename": "change_categoriasistema"}}, {"model": "auth.permission", "pk": 125, "fields": {"name": "Can delete categoria sistema", "content_type": 29, "codename": "delete_categoriasistema"}}, {"model": "auth.permission", "pk": 126, "fields": {"name": "Can view categoria sistema", "content_type": 29, "codename": "view_categoriasistema"}}, {"model": "auth.permission", "pk": 127, "fields": {"name": "Can add Wiki", "content_type": 30, "codename": "add_wiki"}}, {"model": "auth.permission", "pk": 128, "fields": {"name": "Can change Wiki", "content_type": 30, "codename": "change_wiki"}}, {"model": "auth.permission", "pk": 129, "fields": {"name": "Can delete Wiki", "content_type": 30, "codename": "delete_wiki"}}, {"model": "auth.permission", "pk": 130, "fields": {"name": "Can view Wiki", "content_type": 30, "codename": "view_wiki"}}, {"model": "auth.permission", "pk": 131, "fields": {"name": "Can add Circulação de Equipamento", "content_type": 31, "codename": "add_circulacao"}}, {"model": "auth.permission", "pk": 132, "fields": {"name": "Can change Circulação de Equipamento", "content_type": 31, "codename": "change_circulacao"}}, {"model": "auth.permission", "pk": 133, "fields": {"name": "Can delete Circulação de Equipamento", "content_type": 31, "codename": "delete_circulacao"}}, {"model": "auth.permission", "pk": 134, "fields": {"name": "Can view Circulação de Equipamento", "content_type": 31, "codename": "view_circulacao"}}, {"model": "auth.permission", "pk": 135, "fields": {"name": "Can add dispositivo", "content_type": 32, "codename": "add_dispositivo"}}, {"model": "auth.permission", "pk": 136, "fields": {"name": "Can change dispositivo", "content_type": 32, "codename": "change_dispositivo"}}, {"model": "auth.permission", "pk": 137, "fields": {"name": "Can delete dispositivo", "content_type": 32, "codename": "delete_dispositivo"}}, {"model": "auth.permission", "pk": 138, "fields": {"name": "Can view dispositivo", "content_type": 32, "codename": "view_dispositivo"}}, {"model": "auth.permission", "pk": 139, "fields": {"name": "Can add equipamento", "content_type": 33, "codename": "add_equipamento"}}, {"model": "auth.permission", "pk": 140, "fields": {"name": "Can change equipamento", "content_type": 33, "codename": "change_equipamento"}}, {"model": "auth.permission", "pk": 141, "fields": {"name": "Can delete equipamento", "content_type": 33, "codename": "delete_equipamento"}}, {"model": "auth.permission", "pk": 142, "fields": {"name": "Can view equipamento", "content_type": 33, "codename": "view_equipamento"}}, {"model": "auth.permission", "pk": 143, "fields": {"name": "Can add Item de Circulação", "content_type": 34, "codename": "add_itemcirculacao"}}, {"model": "auth.permission", "pk": 144, "fields": {"name": "Can change Item de Circulação", "content_type": 34, "codename": "change_itemcirculacao"}}, {"model": "auth.permission", "pk": 145, "fields": {"name": "Can delete Item de Circulação", "content_type": 34, "codename": "delete_itemcirculacao"}}, {"model": "auth.permission", "pk": 146, "fields": {"name": "Can view Item de Circulação", "content_type": 34, "codename": "view_itemcirculacao"}}, {"model": "auth.permission", "pk": 147, "fields": {"name": "Can add Local de Uso", "content_type": 35, "codename": "add_localuso"}}, {"model": "auth.permission", "pk": 148, "fields": {"name": "Can change Local de Uso", "content_type": 35, "codename": "change_localuso"}}, {"model": "auth.permission", "pk": 149, "fields": {"name": "Can delete Local de Uso", "content_type": 35, "codename": "delete_localuso"}}, {"model": "auth.permission", "pk": 150, "fields": {"name": "Can view Local de Uso", "content_type": 35, "codename": "view_localuso"}}, {"model": "auth.permission", "pk": 151, "fields": {"name": "Can add Log de Circulação", "content_type": 36, "codename": "add_logcirculacao"}}, {"model": "auth.permission", "pk": 152, "fields": {"name": "Can change Log de Circulação", "content_type": 36, "codename": "change_logcirculacao"}}, {"model": "auth.permission", "pk": 153, "fields": {"name": "Can delete Log de Circulação", "content_type": 36, "codename": "delete_logcirculacao"}}, {"model": "auth.permission", "pk": 154, "fields": {"name": "Can view Log de Circulação", "content_type": 36, "codename": "view_logcirculacao"}}, {"model": "auth.permission", "pk": 155, "fields": {"name": "Can add log dispositivo", "content_type": 37, "codename": "add_logdispositivo"}}, {"model": "auth.permission", "pk": 156, "fields": {"name": "Can change log dispositivo", "content_type": 37, "codename": "change_logdispositivo"}}, {"model": "auth.permission", "pk": 157, "fields": {"name": "Can delete log dispositivo", "content_type": 37, "codename": "delete_logdispositivo"}}, {"model": "auth.permission", "pk": 158, "fields": {"name": "Can view log dispositivo", "content_type": 37, "codename": "view_logdispositivo"}}, {"model": "auth.permission", "pk": 159, "fields": {"name": "Can add status dispositivo", "content_type": 38, "codename": "add_statusdispositivo"}}, {"model": "auth.permission", "pk": 160, "fields": {"name": "Can change status dispositivo", "content_type": 38, "codename": "change_statusdispositivo"}}, {"model": "auth.permission", "pk": 161, "fields": {"name": "Can delete status dispositivo", "content_type": 38, "codename": "delete_statusdispositivo"}}, {"model": "auth.permission", "pk": 162, "fields": {"name": "Can view status dispositivo", "content_type": 38, "codename": "view_statusdispositivo"}}, {"model": "auth.permission", "pk": 163, "fields": {"name": "Can add atendente", "content_type": 39, "codename": "add_atendente"}}, {"model": "auth.permission", "pk": 164, "fields": {"name": "Can change atendente", "content_type": 39, "codename": "change_atendente"}}, {"model": "auth.permission", "pk": 165, "fields": {"name": "Can delete atendente", "content_type": 39, "codename": "delete_atendente"}}, {"model": "auth.permission", "pk": 166, "fields": {"name": "Can view atendente", "content_type": 39, "codename": "view_atendente"}}, {"model": "auth.permission", "pk": 167, "fields": {"name": "Can add atendimento", "content_type": 40, "codename": "add_atendimento"}}, {"model": "auth.permission", "pk": 168, "fields": {"name": "Can change atendimento", "content_type": 40, "codename": "change_atendimento"}}, {"model": "auth.permission", "pk": 169, "fields": {"name": "Can delete atendimento", "content_type": 40, "codename": "delete_atendimento"}}, {"model": "auth.permission", "pk": 170, "fields": {"name": "Can view atendimento", "content_type": 40, "codename": "view_atendimento"}}, {"model": "auth.permission", "pk": 171, "fields": {"name": "Can add Comentário de Atendimento", "content_type": 41, "codename": "add_atendimentocomentario"}}, {"model": "auth.permission", "pk": 172, "fields": {"name": "Can change Comentário de Atendimento", "content_type": 41, "codename": "change_atendimentocomentario"}}, {"model": "auth.permission", "pk": 173, "fields": {"name": "Can delete Comentário de Atendimento", "content_type": 41, "codename": "delete_atendimentocomentario"}}, {"model": "auth.permission", "pk": 174, "fields": {"name": "Can view Comentário de Atendimento", "content_type": 41, "codename": "view_atendimentocomentario"}}, {"model": "auth.permission", "pk": 175, "fields": {"name": "Can add cliente", "content_type": 42, "codename": "add_cliente"}}, {"model": "auth.permission", "pk": 176, "fields": {"name": "Can change cliente", "content_type": 42, "codename": "change_cliente"}}, {"model": "auth.permission", "pk": 177, "fields": {"name": "Can delete cliente", "content_type": 42, "codename": "delete_cliente"}}, {"model": "auth.permission", "pk": 178, "fields": {"name": "Can view cliente", "content_type": 42, "codename": "view_cliente"}}, {"model": "auth.permission", "pk": 179, "fields": {"name": "Can add departamento", "content_type": 43, "codename": "add_departamento"}}, {"model": "auth.permission", "pk": 180, "fields": {"name": "Can change departamento", "content_type": 43, "codename": "change_departamento"}}, {"model": "auth.permission", "pk": 181, "fields": {"name": "Can delete departamento", "content_type": 43, "codename": "delete_departamento"}}, {"model": "auth.permission", "pk": 182, "fields": {"name": "Can view departamento", "content_type": 43, "codename": "view_departamento"}}, {"model": "auth.permission", "pk": 183, "fields": {"name": "Can add local", "content_type": 44, "codename": "add_local"}}, {"model": "auth.permission", "pk": 184, "fields": {"name": "Can change local", "content_type": 44, "codename": "change_local"}}, {"model": "auth.permission", "pk": 185, "fields": {"name": "Can delete local", "content_type": 44, "codename": "delete_local"}}, {"model": "auth.permission", "pk": 186, "fields": {"name": "Can view local", "content_type": 44, "codename": "view_local"}}, {"model": "auth.permission", "pk": 187, "fields": {"name": "Can add painel senha", "content_type": 45, "codename": "add_painelsenha"}}, {"model": "auth.permission", "pk": 188, "fields": {"name": "Can change painel senha", "content_type": 45, "codename": "change_painelsenha"}}, {"model": "auth.permission", "pk": 189, "fields": {"name": "Can delete painel senha", "content_type": 45, "codename": "delete_painelsenha"}}, {"model": "auth.permission", "pk": 190, "fields": {"name": "Can view painel senha", "content_type": 45, "codename": "view_painelsenha"}}, {"model": "auth.permission", "pk": 191, "fields": {"name": "Can add perfil", "content_type": 46, "codename": "add_perfil"}}, {"model": "auth.permission", "pk": 192, "fields": {"name": "Can change perfil", "content_type": 46, "codename": "change_perfil"}}, {"model": "auth.permission", "pk": 193, "fields": {"name": "Can delete perfil", "content_type": 46, "codename": "delete_perfil"}}, {"model": "auth.permission", "pk": 194, "fields": {"name": "Can view perfil", "content_type": 46, "codename": "view_perfil"}}, {"model": "auth.permission", "pk": 195, "fields": {"name": "Can add prioridade", "content_type": 47, "codename": "add_prioridade"}}, {"model": "auth.permission", "pk": 196, "fields": {"name": "Can change prioridade", "content_type": 47, "codename": "change_prioridade"}}, {"model": "auth.permission", "pk": 197, "fields": {"name": "Can delete prioridade", "content_type": 47, "codename": "delete_prioridade"}}, {"model": "auth.permission", "pk": 198, "fields": {"name": "Can view prioridade", "content_type": 47, "codename": "view_prioridade"}}, {"model": "auth.permission", "pk": 199, "fields": {"name": "Can add servico", "content_type": 48, "codename": "add_servico"}}, {"model": "auth.permission", "pk": 200, "fields": {"name": "Can change servico", "content_type": 48, "codename": "change_servico"}}, {"model": "auth.permission", "pk": 201, "fields": {"name": "Can delete servico", "content_type": 48, "codename": "delete_servico"}}, {"model": "auth.permission", "pk": 202, "fields": {"name": "Can view servico", "content_type": 48, "codename": "view_servico"}}, {"model": "auth.permission", "pk": 203, "fields": {"name": "Can add unidade", "content_type": 49, "codename": "add_unidade"}}, {"model": "auth.permission", "pk": 204, "fields": {"name": "Can change unidade", "content_type": 49, "codename": "change_unidade"}}, {"model": "auth.permission", "pk": 205, "fields": {"name": "Can delete unidade", "content_type": 49, "codename": "delete_unidade"}}, {"model": "auth.permission", "pk": 206, "fields": {"name": "Can view unidade", "content_type": 49, "codename": "view_unidade"}}, {"model": "contenttypes.contenttype", "pk": 1, "fields": {"app_label": "admin", "model": "logentry"}}, {"model": "contenttypes.contenttype", "pk": 2, "fields": {"app_label": "auth", "model": "permission"}}, {"model": "contenttypes.contenttype", "pk": 3, "fields": {"app_label": "auth", "model": "group"}}, {"model": "contenttypes.contenttype", "pk": 4, "fields": {"app_label": "contenttypes", "model": "contenttype"}}, {"model": "contenttypes.contenttype", "pk": 5, "fields": {"app_label": "sessions", "model": "session"}}, {"model": "contenttypes.contenttype", "pk": 6, "fields": {"app_label": "base", "model": "arquivo"}}, {"model": "contenttypes.contenttype", "pk": 7, "fields": {"app_label": "base", "model": "globalsetting"}}, {"model": "contenttypes.contenttype", "pk": 8, "fields": {"app_label": "base", "model": "logsistema"}}, {"model": "contenttypes.contenttype", "pk": 9, "fields": {"app_label": "base", "model": "monitorservico"}}, {"model": "contenttypes.contenttype", "pk": 10, "fields": {"app_label": "base", "model": "systemparams"}}, {"model": "contenttypes.contenttype", "pk": 11, "fields": {"app_label": "base", "model": "teamschannel"}}, {"model": "contenttypes.contenttype", "pk": 12, "fields": {"app_label": "users", "model": "user"}}, {"model": "contenttypes.contenttype", "pk": 13, "fields": {"app_label": "users", "model": "loggeduser"}}, {"model": "contenttypes.contenttype", "pk": 14, "fields": {"app_label": "users", "model": "apirequests"}}, {"model": "contenttypes.contenttype", "pk": 15, "fields": {"app_label": "users", "model": "accesshistory"}}, {"model": "contenttypes.contenttype", "pk": 16, "fields": {"app_label": "cofre", "model": "cofre"}}, {"model": "contenttypes.contenttype", "pk": 17, "fields": {"app_label": "cofre", "model": "setor"}}, {"model": "contenttypes.contenttype", "pk": 18, "fields": {"app_label": "cofre", "model": "tipo"}}, {"model": "contenttypes.contenttype", "pk": 19, "fields": {"app_label": "repositoriobi", "model": "categoria"}}, {"model": "contenttypes.contenttype", "pk": 20, "fields": {"app_label": "repositoriobi", "model": "repo"}}, {"model": "contenttypes.contenttype", "pk": 21, "fields": {"app_label": "agenda", "model": "configuracao"}}, {"model": "contenttypes.contenttype", "pk": 22, "fields": {"app_label": "agenda", "model": "espaco"}}, {"model": "contenttypes.contenttype", "pk": 23, "fields": {"app_label": "agenda", "model": "finalidade"}}, {"model": "contenttypes.contenttype", "pk": 24, "fields": {"app_label": "agenda", "model": "logagenda"}}, {"model": "contenttypes.contenttype", "pk": 25, "fields": {"app_label": "agenda", "model": "regra"}}, {"model": "contenttypes.contenttype", "pk": 26, "fields": {"app_label": "agenda", "model": "reserva"}}, {"model": "contenttypes.contenttype", "pk": 27, "fields": {"app_label": "agenda", "model": "tipoespaco"}}, {"model": "contenttypes.contenttype", "pk": 28, "fields": {"app_label": "notifications", "model": "notificacao"}}, {"model": "contenttypes.contenttype", "pk": 29, "fields": {"app_label": "wiki", "model": "categoriasistema"}}, {"model": "contenttypes.contenttype", "pk": 30, "fields": {"app_label": "wiki", "model": "wiki"}}, {"model": "contenttypes.contenttype", "pk": 31, "fields": {"app_label": "infraestrutura", "model": "circulacao"}}, {"model": "contenttypes.contenttype", "pk": 32, "fields": {"app_label": "infraestrutura", "model": "dispositivo"}}, {"model": "contenttypes.contenttype", "pk": 33, "fields": {"app_label": "infraestrutura", "model": "equipamento"}}, {"model": "contenttypes.contenttype", "pk": 34, "fields": {"app_label": "infraestrutura", "model": "itemcirculacao"}}, {"model": "contenttypes.contenttype", "pk": 35, "fields": {"app_label": "infraestrutura", "model": "localuso"}}, {"model": "contenttypes.contenttype", "pk": 36, "fields": {"app_label": "infraestrutura", "model": "logcirculacao"}}, {"model": "contenttypes.contenttype", "pk": 37, "fields": {"app_label": "infraestrutura", "model": "logdispositivo"}}, {"model": "contenttypes.contenttype", "pk": 38, "fields": {"app_label": "infraestrutura", "model": "statusdispositivo"}}, {"model": "contenttypes.contenttype", "pk": 39, "fields": {"app_label": "atendimento", "model": "atendente"}}, {"model": "contenttypes.contenttype", "pk": 40, "fields": {"app_label": "atendimento", "model": "atendimento"}}, {"model": "contenttypes.contenttype", "pk": 41, "fields": {"app_label": "atendimento", "model": "atendimentocomentario"}}, {"model": "contenttypes.contenttype", "pk": 42, "fields": {"app_label": "atendimento", "model": "cliente"}}, {"model": "contenttypes.contenttype", "pk": 43, "fields": {"app_label": "atendimento", "model": "departamento"}}, {"model": "contenttypes.contenttype", "pk": 44, "fields": {"app_label": "atendimento", "model": "local"}}, {"model": "contenttypes.contenttype", "pk": 45, "fields": {"app_label": "atendimento", "model": "painelsenha"}}, {"model": "contenttypes.contenttype", "pk": 46, "fields": {"app_label": "atendimento", "model": "perfil"}}, {"model": "contenttypes.contenttype", "pk": 47, "fields": {"app_label": "atendimento", "model": "prioridade"}}, {"model": "contenttypes.contenttype", "pk": 48, "fields": {"app_label": "atendimento", "model": "servico"}}, {"model": "contenttypes.contenttype", "pk": 49, "fields": {"app_label": "atendimento", "model": "unidade"}}, {"model": "sessions.session", "pk": "5bl955r512q4vu2nxsvhpnt8az4uicgf", "fields": {"session_data": ".eJxVzDsOwjAQRdG9uCZW_PdQ0rOGaMbjIQGUSPlUiL1DpBRQv3veS3W4rX23LXXuBlZn5cA4W7Ftsg2h8RipAcq-KRFzEeuqM6xOv4ywPOq4W77jeJt0mcZ1HkjviT7WRV8nrs_L0f4d9Lj0Xy0SQsUoJNAikIViLIGIxZg4WuaUGUzBatBnSZQSGO8oOCc-BWrV-wP3mEGF:1t5clJ:R1SD8vutgdmvIhhvrqhrMzW3oXh-dHLqPpyLpD3DGeo", "expire_date": "2024-10-29T18:19:17.191Z"}}, {"model": "sessions.session", "pk": "5w94omnm7j0re1amtusi39hm29qd0jbi", "fields": {"session_data": ".eJxVjbkOwjAQRP_FNbbs9bEbSnq-IbK9G8KhRMpRIf6dREoB5Wjem3mrNq9L366zTO2d1VmhZSuRou4giQ5JrG58aDQBOkCUiL6o069Wcn3KsLv8yMNtNHUclulezI6Yo53NdWR5XQ72b6DPc7_ZbjskttGjlAJEiaP3lLZMMWEGAQfgJGBOtbrEPtSOLQJ4rESuUZ8vNPU-8w:1t4MQd:yIH4cMY472RrYrj7TepwOzgFm5r7CS0gCDFvwEc8JcQ", "expire_date": "2024-10-26T06:40:43.510Z"}}, {"model": "sessions.session", "pk": "clxhim9a5ii6x0xukvbcwz4vne0iqt50", "fields": {"session_data": ".eJxVjbkOwjAQRP_FNbbs9bEbSnq-IbK9G8KhRMpRIf6dREoB5Wjem3mrNq9L366zTO2d1VmhZSuRou4giQ5JrG58aDQBOkCUiL6o069Wcn3KsLv8yMNtNHUclulezI6Yo53NdWR5XQ72b6DPc7_ZbjskttGjlAJEiaP3lLZMMWEGAQfgJGBOtbrEPtSOLQJ4rESuUZ8vNPU-8w:1t51WT:D7pH3EzZrrb1aY8OKnkSIPhfYohJxbLguTx3Hrj6k24", "expire_date": "2024-10-28T02:33:29.851Z"}}, {"model": "sessions.session", "pk": "d36tlr77ahrf9fc5cnwjrisv8mnhdi55", "fields": {"session_data": ".eJxVjbkOwjAQRP_FNbbs9bEbSnq-IbK9G8KhRMpRIf6dREoB5Wjem3mrNq9L366zTO2d1VmhZSuRou4giQ5JrG58aDQBOkCUiL6o069Wcn3KsLv8yMNtNHUclulezI6Yo53NdWR5XQ72b6DPc7_ZbjskttGjlAJEiaP3lLZMMWEGAQfgJGBOtbrEPtSOLQJ4rESuUZ8vNPU-8w:1t5Fgk:E6fpDHPsdjpUlVBE-TBv8u2Nxp2gW4RqWnP8r5gJx-A", "expire_date": "2024-10-28T17:41:02.911Z"}}, {"model": "base.monitorservico", "pk": "1c0b74de-c7cc-46f2-b6af-10515c4d4076", "fields": {"created_at": "2024-10-28T11:29:10.877Z", "updated_at": "2024-10-29T02:16:23.597Z", "created_by": null, "updated_by": null, "servico": "Google", "url": "https://google.com.br", "referencia": null, "ativo": true}}, {"model": "base.monitorservico", "pk": "4ba162d0-8d23-482a-af4f-623a95c756a1", "fields": {"created_at": "2024-10-29T02:20:47.700Z", "updated_at": "2024-10-29T02:29:22.582Z", "created_by": null, "updated_by": null, "servico": "MS Teams", "url": "https://teams.microsoft.com", "referencia": null, "ativo": true}}, {"model": "users.user", "pk": "31913411-c2ae-4058-b87e-3de649702b05", "fields": {"password": "pbkdf2_sha256$260000$hZ7XRXNmUWuaMDvALhZNYV$Lla0+TBCetb0B+qv9tA89KjnwbJr8mm2iFond9bTl8E=", "last_login": null, "is_superuser": false, "username": "user4", "first_name": "Usuário4", "last_name": "Número Quatro", "email": "user4@email.com", "is_staff": false, "is_active": true, "date_joined": "2024-10-27T12:00:46.599Z", "created_at": "2024-10-27T12:00:46.896Z", "updated_at": "2024-10-27T12:00:46.896Z", "created_by": "70d0e585-f26e-46e0-9349-8271277e573b", "updated_by": null, "token": null, "groups": [], "user_permissions": []}}, {"model": "users.user", "pk": "39132ea0-8255-4a6b-9b84-c6a8cf23e31d", "fields": {"password": "pbkdf2_sha256$260000$iudMKkX2kW75LCRa4FfDd9$E+S4ZbdQODUO8gbC7/qH7j4ro3JquBTbwQmBYn3pSKk=", "last_login": "2024-10-29T03:19:17.074Z", "is_superuser": false, "username": "augustus", "first_name": "Augustus", "last_name": "Jr", "email": "augustus@mail.com", "is_staff": true, "is_active": true, "date_joined": "2024-10-29T03:18:52.946Z", "created_at": "2024-10-29T03:18:53.319Z", "updated_at": "2024-10-29T03:19:46.458Z", "created_by": "70d0e585-f26e-46e0-9349-8271277e573b", "updated_by": "39132ea0-8255-4a6b-9b84-c6a8cf23e31d", "token": null, "groups": [], "user_permissions": [1, 2, 3, 4, 87, 88, 89, 90, 91, 95, 92, 93, 94, 96, 97, 98, 99, 100, 101, 102, 103, 104, 105, 106, 107, 108, 112, 113, 114, 109, 110, 111, 115, 116, 117, 118, 163, 164, 165, 166, 167, 168, 169, 170, 171, 172, 173, 174, 175, 176, 177, 178, 179, 180, 181, 182, 183, 184, 185, 186, 187, 188, 189, 190, 191, 192, 193, 194, 195, 196, 197, 198, 199, 200, 201, 202, 203, 204, 205, 206, 9, 10, 11, 12, 5, 6, 7, 8, 21, 22, 23, 24, 25, 30, 29, 26, 27, 28, 31, 32, 33, 34, 35, 36, 37, 38, 39, 40, 41, 42, 43, 44, 45, 46, 64, 65, 69, 68, 70, 66, 67, 71, 72, 73, 74, 75, 76, 77, 78, 13, 14, 15, 16, 131, 132, 133, 134, 135, 136, 137, 138, 139, 140, 141, 142, 143, 144, 145, 146, 147, 148, 149, 150, 151, 152, 153, 154, 155, 156, 157, 158, 159, 160, 161, 162, 119, 120, 121, 122, 79, 80, 81, 82, 83, 84, 85, 86, 17, 18, 19, 20, 60, 61, 62, 63, 56, 57, 58, 59, 52, 53, 54, 55, 47, 48, 49, 51, 50, 123, 124, 125, 126, 127, 128, 129, 130]}}, {"model": "users.user", "pk": "5ef14613-3dfe-42f6-a349-0eb15cfa3c99", "fields": {"password": "pbkdf2_sha256$260000$tzzeJGNyeXCKxi8axir6Rq$nOkCIpHckUdsr8+ZyV/KZOsVWX7TBPjvk8e8qA+yhLE=", "last_login": null, "is_superuser": false, "username": "user1", "first_name": "Usuário1", "last_name": "Número Um", "email": "user1@email.com.br", "is_staff": false, "is_active": true, "date_joined": "2024-10-27T11:46:50.565Z", "created_at": "2024-10-27T11:46:50.848Z", "updated_at": "2024-10-28T11:29:57.767Z", "created_by": "70d0e585-f26e-46e0-9349-8271277e573b", "updated_by": "70d0e585-f26e-46e0-9349-8271277e573b", "token": "huhBAJZsTFeJWmZUQ1wrBKSrnOXkh1", "groups": [], "user_permissions": [95, 112, 113, 114, 38, 68, 131, 132, 133, 134, 135, 136, 137, 138, 139, 140, 141, 142, 143, 144, 145, 146, 147, 148, 149, 150, 151, 152, 153, 154, 155, 156, 157, 158, 159, 160, 161, 162, 127, 128, 129, 130]}}, {"model": "users.user", "pk": "70d0e585-f26e-46e0-9349-8271277e573b", "fields": {"password": "pbkdf2_sha256$260000$Plny5wJkdCyPsBjVc13Dvq$LQ0zyHNf1KN1esYLE7Nzrb0MUSU09Mp2tleLmPxU3Ls=", "last_login": "2024-10-29T02:04:26.764Z", "is_superuser": true, "username": "admin", "first_name": "Administrador", "last_name": "Geral", "email": "admin@admin.com", "is_staff": true, "is_active": true, "date_joined": "2024-10-25T15:40:13.726Z", "created_at": "2024-10-25T15:40:14.019Z", "updated_at": "2024-10-27T20:39:17.670Z", "created_by": null, "updated_by": "70d0e585-f26e-46e0-9349-8271277e573b", "token": null, "groups": [], "user_permissions": []}}, {"model": "users.user", "pk": "a56aceb9-58a1-4df1-847c-2d1a35f51544", "fields": {"password": "pbkdf2_sha256$260000$n2TPwmfB478sas9c8dCwJT$01xdMsMYz5iFf3pjWBUg46Hkv0nZcZ4ougVXTO4z0Ts=", "last_login": null, "is_superuser": false, "username": "user2", "first_name": "Usuário2", "last_name": "Número Dois", "email": "user2@email.com", "is_staff": false, "is_active": true, "date_joined": "2024-10-27T11:56:58.323Z", "created_at": "2024-10-27T11:56:58.601Z", "updated_at": "2024-10-27T11:56:58.601Z", "created_by": "70d0e585-f26e-46e0-9349-8271277e573b", "updated_by": null, "token": null, "groups": [], "user_permissions": []}}, {"model": "users.user", "pk": "e5becad2-8de1-465a-83b2-63a02bf3ef0d", "fields": {"password": "pbkdf2_sha256$260000$PgOT4SdY7V3JixaamATV43$PPViz0FXu2EAfWPf7vFdyoHcxCx1wdP+OpGgFt5WWpo=", "last_login": null, "is_superuser": false, "username": "user3", "first_name": "Usuário3", "last_name": "Número Três", "email": "user3@email.com", "is_staff": false, "is_active": true, "date_joined": "2024-10-27T11:57:47.758Z", "created_at": "2024-10-27T11:57:48.129Z", "updated_at": "2024-10-27T11:57:48.129Z", "created_by": "70d0e585-f26e-46e0-9349-8271277e573b", "updated_by": null, "token": null, "groups": [], "user_permissions": []}}, {"model": "users.accesshistory", "pk": 1, "fields": {"user": "5ef14613-3dfe-42f6-a349-0eb15cfa3c99", "access_at": "2024-10-27T13:20:07.399Z", "ip": "127.0.0.1", "origin": "FRONTEND"}}, {"model": "users.accesshistory", "pk": 2, "fields": {"user": "5ef14613-3dfe-42f6-a349-0eb15cfa3c99", "access_at": "2024-10-27T14:05:17.681Z", "ip": "127.0.0.1", "origin": "FRONTEND"}}, {"model": "users.accesshistory", "pk": 3, "fields": {"user": "5ef14613-3dfe-42f6-a349-0eb15cfa3c99", "access_at": "2024-10-27T14:15:45.354Z", "ip": "127.0.0.1", "origin": "FRONTEND"}}, {"model": "users.accesshistory", "pk": 4, "fields": {"user": "5ef14613-3dfe-42f6-a349-0eb15cfa3c99", "access_at": "2024-10-27T14:49:17.794Z", "ip": "127.0.0.1", "origin": "FRONTEND"}}, {"model": "users.accesshistory", "pk": 5, "fields": {"user": "5ef14613-3dfe-42f6-a349-0eb15cfa3c99", "access_at": "2024-10-27T20:40:14.080Z", "ip": "127.0.0.1", "origin": "FRONTEND"}}, {"model": "users.loggeduser", "pk": 10, "fields": {"user": "5ef14613-3dfe-42f6-a349-0eb15cfa3c99", "logged_at": "2024-10-27T12:52:06.944Z"}}, {"model": "users.loggeduser", "pk": 93, "fields": {"user": "5ef14613-3dfe-42f6-a349-0eb15cfa3c99", "logged_at": "2024-10-27T20:22:17.221Z"}}, {"model": "cofre.setor", "pk": "2cf9e069-efe3-460a-a191-9402a8fb62c5", "fields": {"created_at": "2024-10-29T02:06:59.910Z", "updated_at": "2024-10-29T02:06:59.910Z", "created_by": "70d0e585-f26e-46e0-9349-8271277e573b", "updated_by": null, "descricao": "Infraestrutura"}}, {"model": "cofre.setor", "pk": "95eca7ad-10b3-41cb-a665-ca1178470c83", "fields": {"created_at": "2024-10-29T02:06:49.764Z", "updated_at": "2024-10-29T02:06:49.764Z", "created_by": "70d0e585-f26e-46e0-9349-8271277e573b", "updated_by": null, "descricao": "Desenvolvimento"}}, {"model": "cofre.tipo", "pk": "a8508aac-4d51-458c-af34-7b8073304f4f", "fields": {"created_at": "2024-10-29T02:05:30.780Z", "updated_at": "2024-10-29T02:05:30.780Z", "created_by": "70d0e585-f26e-46e0-9349-8271277e573b", "updated_by": null, "descricao": "Aplicação"}}, {"model": "cofre.tipo", "pk": "c7e949ec-6562-40bc-952e-1f8c2922495d", "fields": {"created_at": "2024-10-29T02:05:37.570Z", "updated_at": "2024-10-29T02:05:37.570Z", "created_by": "70d0e585-f26e-46e0-9349-8271277e573b", "updated_by": null, "descricao": "Banco de dados"}}, {"model": "cofre.tipo", "pk": "eef8d991-edfc-4660-b621-4e1912d3adf4", "fields": {"created_at": "2024-10-29T02:06:30.818Z", "updated_at": "2024-10-29T02:06:30.818Z", "created_by": "70d0e585-f26e-46e0-9349-8271277e573b", "updated_by": null, "descricao": "Serviço"}}, {"model": "cofre.cofre", "pk": "47a243f9-08a2-44ce-ba32-a4b8cc973be0", "fields": {"created_at": "2024-10-29T03:17:42.765Z", "updated_at": "2024-10-29T03:22:06.356Z", "created_by": "70d0e585-f26e-46e0-9349-8271277e573b", "updated_by": "39132ea0-8255-4a6b-9b84-c6a8cf23e31d", "descricao": "Admin Localhost", "hostname": "localhost", "ip": "127.0.0.1", "url": "http://localhost:8000", "usuario": "admin", "senha": "gAAAAABnIFTeesMgpWONr2phvbmaFtcJq3ShgxUJtEwRjkSuKY3lpeq-WrMbCyvUUtZ2eoZ4XyDJ-2Dmfb0qNz4j3904miSXnA==", "obs": "", "tipo": "a8508aac-4d51-458c-af34-7b8073304f4f", "setor": "95eca7ad-10b3-41cb-a665-ca1178470c83", "exibir": true}}, {"model": "agenda.configuracao", "pk": "2db47db1-f485-4306-916a-0ac1cd04bb35", "fields": {"created_at": "2024-10-28T02:45:39.564Z", "updated_at": "2024-10-28T02:45:55.022Z", "created_by": "70d0e585-f26e-46e0-9349-8271277e573b", "updated_by": "70d0e585-f26e-46e0-9349-8271277e573b", "descricao": "Configuração padrão", "ignora_regras_admins": false, "ignora_choques_admins": false, "ignora_duracao_admins": false, "ignora_min_criacao_admins": false, "ignora_limite_abertura_admins": false, "ignora_params_espaco_admins": false, "dias_retroativos": 0, "sistema_liberado": true}}, {"model": "agenda.finalidade", "pk": "00430953-6f27-4c4b-a764-295cf6d5d1bc", "fields": {"created_at": "2024-10-28T02:43:02.783Z", "updated_at": "2024-10-28T02:43:02.783Z", "created_by": "70d0e585-f26e-46e0-9349-8271277e573b", "updated_by": null, "descricao": "Entrevista"}}, {"model": "agenda.finalidade", "pk": "90861432-8247-4b48-86f2-a92765763f8f", "fields": {"created_at": "2024-10-28T02:42:52.313Z", "updated_at": "2024-10-28T02:42:52.313Z", "created_by": "70d0e585-f26e-46e0-9349-8271277e573b", "updated_by": null, "descricao": "Treinamento"}}, {"model": "agenda.finalidade", "pk": "9994a0c2-1cf6-46b6-b965-138b2d841b5a", "fields": {"created_at": "2024-10-28T02:43:20.298Z", "updated_at": "2024-10-28T02:43:20.298Z", "created_by": "70d0e585-f26e-46e0-9349-8271277e573b", "updated_by": null, "descricao": "Aplicação de Teste"}}, {"model": "agenda.finalidade", "pk": "e0215ce3-bfb7-4d22-9ad4-463b71be6168", "fields": {"created_at": "2024-10-28T02:42:41.943Z", "updated_at": "2024-10-28T02:42:41.943Z", "created_by": "70d0e585-f26e-46e0-9349-8271277e573b", "updated_by": null, "descricao": "Reunião"}}, {"model": "agenda.tipoespaco", "pk": "295dc758-2170-40b5-929c-20c1686280d0", "fields": {"created_at": "2024-10-28T02:28:45.904Z", "updated_at": "2024-10-28T02:28:45.904Z", "created_by": "5ef14613-3dfe-42f6-a349-0eb15cfa3c99", "updated_by": null, "descricao": "Sala"}}, {"model": "agenda.tipoespaco", "pk": "296a7e47-6e58-44b9-b4f5-7aac0e2731ea", "fields": {"created_at": "2024-10-28T02:28:28.317Z", "updated_at": "2024-10-28T02:28:28.317Z", "created_by": "5ef14613-3dfe-42f6-a349-0eb15cfa3c99", "updated_by": null, "descricao": "Teatro"}}, {"model": "agenda.tipoespaco", "pk": "3162d679-d4b9-4992-9780-a54b49f55869", "fields": {"created_at": "2024-10-28T02:28:14.805Z", "updated_at": "2024-10-28T02:28:14.805Z", "created_by": "5ef14613-3dfe-42f6-a349-0eb15cfa3c99", "updated_by": null, "descricao": "Auditório"}}, {"model": "agenda.tipoespaco", "pk": "6fa01222-e29e-46ae-94f8-546bf8ee9df8", "fields": {"created_at": "2024-10-28T02:28:39.573Z", "updated_at": "2024-10-28T02:28:39.573Z", "created_by": "5ef14613-3dfe-42f6-a349-0eb15cfa3c99", "updated_by": null, "descricao": "Reunião"}}, {"model": "agenda.espaco", "pk": "4dad13e0-0a96-480c-b7c8-ae3856a4c15e", "fields": {"created_at": "2024-10-28T02:34:50.118Z", "updated_at": "2024-10-28T02:34:50.118Z", "created_by": "5ef14613-3dfe-42f6-a349-0eb15cfa3c99", "updated_by": null, "descricao": "Sala 1", "color": "#ccc", "tipo_espaco": "295dc758-2170-40b5-929c-20c1686280d0", "max_duracao": 240, "min_duracao": 30, "min_criacao": 24, "permite_criar_sabados": false, "permite_reservar_sabado": true, "considera_sabado_util": false, "permite_criar_domingos": false, "permite_reservar_domingo": true, "ativo": true, "instrucoes_espaco": "<p>Instruções do espaço quando necessário</p>", "requer_aprovacao": false, "limitar_abertura": false, "enviar_notificacao": true, "limitar_abertura_qtde": 0, "regras": [], "gestores": ["5ef14613-3dfe-42f6-a349-0eb15cfa3c99"], "admins": ["a56aceb9-58a1-4df1-847c-2d1a35f51544"], "teams": []}}, {"model": "agenda.espaco", "pk": "5aee5996-76b8-4370-8b38-9ab8ccf66cc3", "fields": {"created_at": "2024-10-28T02:35:25.643Z", "updated_at": "2024-10-28T02:35:25.643Z", "created_by": "5ef14613-3dfe-42f6-a349-0eb15cfa3c99", "updated_by": null, "descricao": "Espaço II", "color": "#ccc", "tipo_espaco": "3162d679-d4b9-4992-9780-a54b49f55869", "max_duracao": 240, "min_duracao": 30, "min_criacao": 24, "permite_criar_sabados": false, "permite_reservar_sabado": true, "considera_sabado_util": false, "permite_criar_domingos": false, "permite_reservar_domingo": true, "ativo": true, "instrucoes_espaco": "<p>Instruções aqui</p>", "requer_aprovacao": false, "limitar_abertura": false, "enviar_notificacao": true, "limitar_abertura_qtde": 0, "regras": [], "gestores": ["5ef14613-3dfe-42f6-a349-0eb15cfa3c99"], "admins": ["a56aceb9-58a1-4df1-847c-2d1a35f51544"], "teams": []}}, {"model": "agenda.espaco", "pk": "8e97c983-1ca8-4409-a7b1-30f0cc430bbf", "fields": {"created_at": "2024-10-28T02:55:42.045Z", "updated_at": "2024-10-28T02:59:36.132Z", "created_by": "5ef14613-3dfe-42f6-a349-0eb15cfa3c99", "updated_by": "5ef14613-3dfe-42f6-a349-0eb15cfa3c99", "descricao": "Espaço III", "color": "#ccc", "tipo_espaco": "296a7e47-6e58-44b9-b4f5-7aac0e2731ea", "max_duracao": 240, "min_duracao": 30, "min_criacao": 24, "permite_criar_sabados": true, "permite_reservar_sabado": true, "considera_sabado_util": false, "permite_criar_domingos": true, "permite_reservar_domingo": true, "ativo": true, "instrucoes_espaco": "<p>Instruções sobre o teatro aqui...</p>", "requer_aprovacao": true, "limitar_abertura": true, "enviar_notificacao": true, "limitar_abertura_qtde": 0, "regras": [], "gestores": ["70d0e585-f26e-46e0-9349-8271277e573b"], "admins": ["31913411-c2ae-4058-b87e-3de649702b05", "5ef14613-3dfe-42f6-a349-0eb15cfa3c99", "a56aceb9-58a1-4df1-847c-2d1a35f51544", "e5becad2-8de1-465a-83b2-63a02bf3ef0d"], "teams": []}}, {"model": "agenda.reserva", "pk": "1d81600b-af9d-44a5-84fc-f4854f17571e", "fields": {"created_at": "2024-10-28T02:50:52.134Z", "updated_at": "2024-10-28T02:50:52.134Z", "created_by": "5ef14613-3dfe-42f6-a349-0eb15cfa3c99", "updated_by": null, "responsavel": "USUÁRIO2 NÚMERO UM", "espaco": "4dad13e0-0a96-480c-b7c8-ae3856a4c15e", "finalidade": "e0215ce3-bfb7-4d22-9ad4-463b71be6168", "date": "2024-10-30", "start": "08:00:00", "end": "12:00:00", "titulo": "RESERVA II", "participantes": 0, "status_reserva": "OPENED", "status_descricao": null, "observacao": null, "arquivos": []}}, {"model": "agenda.reserva", "pk": "2bacc490-f569-4f10-9264-692efc9d6642", "fields": {"created_at": "2024-10-28T02:50:35.157Z", "updated_at": "2024-10-28T02:50:35.157Z", "created_by": "5ef14613-3dfe-42f6-a349-0eb15cfa3c99", "updated_by": null, "responsavel": "USUÁRIO2 NÚMERO UM", "espaco": "4dad13e0-0a96-480c-b7c8-ae3856a4c15e", "finalidade": "e0215ce3-bfb7-4d22-9ad4-463b71be6168", "date": "2024-10-28", "start": "14:00:00", "end": "18:00:00", "titulo": "RESERVA II", "participantes": 0, "status_reserva": "OPENED", "status_descricao": null, "observacao": null, "arquivos": []}}, {"model": "agenda.reserva", "pk": "2dd859fe-881b-4be8-9ed4-84a334b3961c", "fields": {"created_at": "2024-10-28T02:46:12.860Z", "updated_at": "2024-10-28T02:46:12.860Z", "created_by": "5ef14613-3dfe-42f6-a349-0eb15cfa3c99", "updated_by": null, "responsavel": "USUÁRIO1 NÚMERO UM", "espaco": "5aee5996-76b8-4370-8b38-9ab8ccf66cc3", "finalidade": "90861432-8247-4b48-86f2-a92765763f8f", "date": "2024-10-29", "start": "10:00:00", "end": "12:00:00", "titulo": "RESERVA I", "participantes": 0, "status_reserva": "OPENED", "status_descricao": null, "observacao": "Sugestão frequente II, Sugestão frequente V", "arquivos": []}}, {"model": "agenda.reserva", "pk": "47f077db-6f6d-4de7-b60a-4dcf8232b563", "fields": {"created_at": "2024-10-28T02:46:40.792Z", "updated_at": "2024-10-28T02:46:40.792Z", "created_by": "5ef14613-3dfe-42f6-a349-0eb15cfa3c99", "updated_by": null, "responsavel": "USUÁRIO1 NÚMERO UM", "espaco": "5aee5996-76b8-4370-8b38-9ab8ccf66cc3", "finalidade": "90861432-8247-4b48-86f2-a92765763f8f", "date": "2024-10-31", "start": "10:00:00", "end": "12:00:00", "titulo": "RESERVA I", "participantes": 0, "status_reserva": "OPENED", "status_descricao": null, "observacao": "Sugestão frequente II, Sugestão frequente V", "arquivos": []}}, {"model": "agenda.reserva", "pk": "4f8f48c5-9940-4211-b8fb-0c5735ce4ce1", "fields": {"created_at": "2024-10-28T02:50:37.226Z", "updated_at": "2024-10-28T02:50:37.226Z", "created_by": "5ef14613-3dfe-42f6-a349-0eb15cfa3c99", "updated_by": null, "responsavel": "USUÁRIO2 NÚMERO UM", "espaco": "4dad13e0-0a96-480c-b7c8-ae3856a4c15e", "finalidade": "e0215ce3-bfb7-4d22-9ad4-463b71be6168", "date": "2024-10-28", "start": "19:00:00", "end": "22:00:00", "titulo": "RESERVA II", "participantes": 0, "status_reserva": "OPENED", "status_descricao": null, "observacao": null, "arquivos": []}}, {"model": "agenda.reserva", "pk": "6983e219-fd83-44a2-81a6-d4818456529c", "fields": {"created_at": "2024-10-28T02:47:43.937Z", "updated_at": "2024-10-28T02:47:43.937Z", "created_by": "5ef14613-3dfe-42f6-a349-0eb15cfa3c99", "updated_by": null, "responsavel": "USUÁRIO1 NÚMERO UM", "espaco": "5aee5996-76b8-4370-8b38-9ab8ccf66cc3", "finalidade": "90861432-8247-4b48-86f2-a92765763f8f", "date": "2024-11-01", "start": "14:00:00", "end": "19:00:00", "titulo": "RESERVA I", "participantes": 0, "status_reserva": "OPENED", "status_descricao": null, "observacao": "Sugestão frequente I, Sugestão frequente III", "arquivos": []}}, {"model": "agenda.reserva", "pk": "6e8f03a4-bf43-477b-869d-416c70ec709f", "fields": {"created_at": "2024-10-28T02:59:20.009Z", "updated_at": "2024-10-28T02:59:20.009Z", "created_by": "5ef14613-3dfe-42f6-a349-0eb15cfa3c99", "updated_by": null, "responsavel": "USUÁRIO1 NÚMERO UM", "espaco": "8e97c983-1ca8-4409-a7b1-30f0cc430bbf", "finalidade": "90861432-8247-4b48-86f2-a92765763f8f", "date": "2024-10-30", "start": "14:00:00", "end": "16:00:00", "titulo": "RESERVA III", "participantes": 0, "status_reserva": "PENDING", "status_descricao": null, "observacao": null, "arquivos": []}}, {"model": "agenda.reserva", "pk": "9587e4e5-3dea-4985-9171-34e21dab3f2a", "fields": {"created_at": "2024-10-28T02:46:34.233Z", "updated_at": "2024-10-28T02:46:34.233Z", "created_by": "5ef14613-3dfe-42f6-a349-0eb15cfa3c99", "updated_by": null, "responsavel": "USUÁRIO1 NÚMERO UM", "espaco": "5aee5996-76b8-4370-8b38-9ab8ccf66cc3", "finalidade": "90861432-8247-4b48-86f2-a92765763f8f", "date": "2024-10-30", "start": "10:00:00", "end": "12:00:00", "titulo": "RESERVA I", "participantes": 0, "status_reserva": "OPENED", "status_descricao": null, "observacao": "Sugestão frequente II, Sugestão frequente V", "arquivos": []}}, {"model": "agenda.reserva", "pk": "9da1d7ce-af78-4810-9510-884050d0d0aa", "fields": {"created_at": "2024-10-28T02:46:43.370Z", "updated_at": "2024-10-28T02:46:43.370Z", "created_by": "5ef14613-3dfe-42f6-a349-0eb15cfa3c99", "updated_by": null, "responsavel": "USUÁRIO1 NÚMERO UM", "espaco": "5aee5996-76b8-4370-8b38-9ab8ccf66cc3", "finalidade": "90861432-8247-4b48-86f2-a92765763f8f", "date": "2024-11-01", "start": "10:00:00", "end": "12:00:00", "titulo": "RESERVA I", "participantes": 0, "status_reserva": "OPENED", "status_descricao": null, "observacao": "Sugestão frequente II, Sugestão frequente V", "arquivos": []}}, {"model": "agenda.reserva", "pk": "9fe8c817-6378-46f7-ab1e-56ae6152d7f8", "fields": {"created_at": "2024-10-28T02:47:50.124Z", "updated_at": "2024-10-28T02:47:50.124Z", "created_by": "5ef14613-3dfe-42f6-a349-0eb15cfa3c99", "updated_by": null, "responsavel": "USUÁRIO1 NÚMERO UM", "espaco": "5aee5996-76b8-4370-8b38-9ab8ccf66cc3", "finalidade": "90861432-8247-4b48-86f2-a92765763f8f", "date": "2024-11-02", "start": "14:00:00", "end": "20:00:00", "titulo": "RESERVA I", "participantes": 0, "status_reserva": "OPENED", "status_descricao": null, "observacao": "Sugestão frequente I, Sugestão frequente III", "arquivos": []}}, {"model": "agenda.reserva", "pk": "b73773d5-b6fa-4515-ae4a-481a9f520c64", "fields": {"created_at": "2024-10-28T02:50:56.970Z", "updated_at": "2024-10-28T02:50:56.970Z", "created_by": "5ef14613-3dfe-42f6-a349-0eb15cfa3c99", "updated_by": null, "responsavel": "USUÁRIO2 NÚMERO UM", "espaco": "4dad13e0-0a96-480c-b7c8-ae3856a4c15e", "finalidade": "e0215ce3-bfb7-4d22-9ad4-463b71be6168", "date": "2024-10-30", "start": "19:00:00", "end": "22:00:00", "titulo": "RESERVA II", "participantes": 0, "status_reserva": "OPENED", "status_descricao": null, "observacao": null, "arquivos": []}}, {"model": "agenda.reserva", "pk": "c260909e-0a1b-4f90-88ef-49079aca6782", "fields": {"created_at": "2024-10-28T02:59:23.825Z", "updated_at": "2024-10-28T02:59:23.825Z", "created_by": "5ef14613-3dfe-42f6-a349-0eb15cfa3c99", "updated_by": null, "responsavel": "USUÁRIO1 NÚMERO UM", "espaco": "8e97c983-1ca8-4409-a7b1-30f0cc430bbf", "finalidade": "90861432-8247-4b48-86f2-a92765763f8f", "date": "2024-10-31", "start": "14:00:00", "end": "16:00:00", "titulo": "RESERVA III", "participantes": 0, "status_reserva": "PENDING", "status_descricao": null, "observacao": null, "arquivos": []}}, {"model": "agenda.reserva", "pk": "d13bdddf-7edd-445b-81bc-1210e3a388b9", "fields": {"created_at": "2024-10-28T02:57:33.407Z", "updated_at": "2024-10-28T02:57:33.407Z", "created_by": "5ef14613-3dfe-42f6-a349-0eb15cfa3c99", "updated_by": null, "responsavel": "USUÁRIO1 NÚMERO UM", "espaco": "8e97c983-1ca8-4409-a7b1-30f0cc430bbf", "finalidade": "90861432-8247-4b48-86f2-a92765763f8f", "date": "2024-10-29", "start": "14:00:00", "end": "16:00:00", "titulo": "RESERVA III", "participantes": 0, "status_reserva": "PENDING", "status_descricao": null, "observacao": null, "arquivos": []}}, {"model": "agenda.reserva", "pk": "d456a420-7389-4a0a-9b3d-c646c13c7b7d", "fields": {"created_at": "2024-10-28T02:50:42.113Z", "updated_at": "2024-10-28T02:50:42.113Z", "created_by": "5ef14613-3dfe-42f6-a349-0eb15cfa3c99", "updated_by": null, "responsavel": "USUÁRIO2 NÚMERO UM", "espaco": "4dad13e0-0a96-480c-b7c8-ae3856a4c15e", "finalidade": "e0215ce3-bfb7-4d22-9ad4-463b71be6168", "date": "2024-10-29", "start": "14:00:00", "end": "18:00:00", "titulo": "RESERVA II", "participantes": 0, "status_reserva": "OPENED", "status_descricao": null, "observacao": null, "arquivos": []}}, {"model": "agenda.reserva", "pk": "dc63c445-9257-4de8-9760-e8fb56e7e60c", "fields": {"created_at": "2024-10-28T02:59:29.933Z", "updated_at": "2024-10-28T02:59:29.933Z", "created_by": "5ef14613-3dfe-42f6-a349-0eb15cfa3c99", "updated_by": null, "responsavel": "USUÁRIO1 NÚMERO UM", "espaco": "8e97c983-1ca8-4409-a7b1-30f0cc430bbf", "finalidade": "90861432-8247-4b48-86f2-a92765763f8f", "date": "2024-11-01", "start": "14:00:00", "end": "16:00:00", "titulo": "RESERVA III", "participantes": 0, "status_reserva": "PENDING", "status_descricao": null, "observacao": null, "arquivos": []}}, {"model": "agenda.reserva", "pk": "fddec53b-c8fd-461f-b0bd-b906ff7926c8", "fields": {"created_at": "2024-10-28T02:50:54.845Z", "updated_at": "2024-10-28T02:50:54.845Z", "created_by": "5ef14613-3dfe-42f6-a349-0eb15cfa3c99", "updated_by": null, "responsavel": "USUÁRIO2 NÚMERO UM", "espaco": "4dad13e0-0a96-480c-b7c8-ae3856a4c15e", "finalidade": "e0215ce3-bfb7-4d22-9ad4-463b71be6168", "date": "2024-10-30", "start": "14:00:00", "end": "18:00:00", "titulo": "RESERVA II", "participantes": 0, "status_reserva": "OPENED", "status_descricao": null, "observacao": null, "arquivos": []}}, {"model": "agenda.reserva", "pk": "ff7f2e70-1e3b-4c6f-b876-e9233761565b", "fields": {"created_at": "2024-10-28T02:50:43.656Z", "updated_at": "2024-10-28T03:00:46.695Z", "created_by": "5ef14613-3dfe-42f6-a349-0eb15cfa3c99", "updated_by": null, "responsavel": "USUÁRIO2 NÚMERO UM", "espaco": "4dad13e0-0a96-480c-b7c8-ae3856a4c15e", "finalidade": "e0215ce3-bfb7-4d22-9ad4-463b71be6168", "date": "2024-10-29", "start": "19:00:00", "end": "22:00:00", "titulo": "RESERVA II", "participantes": 0, "status_reserva": "CANCELLED", "status_descricao": "Desistência", "observacao": null, "arquivos": []}}, {"model": "wiki.categoriasistema", "pk": "2084ac95-167c-4955-83a9-45e4b44b9146", "fields": {"created_at": "2024-10-29T03:08:26.029Z", "updated_at": "2024-10-29T03:08:26.029Z", "created_by": "70d0e585-f26e-46e0-9349-8271277e573b", "updated_by": null, "nome": "Documentação"}}, {"model": "wiki.categoriasistema", "pk": "86dc25ed-a37f-46a2-bebb-053357f714fd", "fields": {"created_at": "2024-10-29T03:08:30.461Z", "updated_at": "2024-10-29T03:08:30.461Z", "created_by": "70d0e585-f26e-46e0-9349-8271277e573b", "updated_by": null, "nome": "Tutorial"}}, {"model": "wiki.wiki", "pk": "bd7dee5f-7f69-4559-a658-40776889c3a8", "fields": {"created_at": "2024-10-29T03:09:30.816Z", "updated_at": "2024-10-29T03:09:30.816Z", "created_by": "5ef14613-3dfe-42f6-a349-0eb15cfa3c99", "updated_by": null, "titulo": "Documentação A", "sistema": "2084ac95-167c-4955-83a9-45e4b44b9146", "text": "Documento formatado aqui...", "html": "<h2>Documento <strong>formatado </strong><em><u>aqui...</u></em></h2>", "corpo": "{\"delta\": \"{\\\"ops\\\": [ {\\\"insert\\\": \\\"Documento formatado aqui...\\\"} ] }\", \"html\": \"<h2>Documento <strong>formatado </strong><em><u>aqui...</u></em></h2>\"}", "ativo": true, "membros": []}}, {"model": "infraestrutura.localuso", "pk": "7ae3bffa-50f9-41c3-810a-7955dc843fe5", "fields": {"created_at": "2024-10-29T02:40:53.204Z", "updated_at": "2024-10-29T02:40:53.204Z", "created_by": "5ef14613-3dfe-42f6-a349-0eb15cfa3c99", "updated_by": null, "descricao": "Sala 2"}}, {"model": "infraestrutura.localuso", "pk": "d30f7b7c-ebf5-4c69-bf81-eaaf1bdce8c1", "fields": {"created_at": "2024-10-29T02:40:49.350Z", "updated_at": "2024-10-29T02:40:49.350Z", "created_by": "5ef14613-3dfe-42f6-a349-0eb15cfa3c99", "updated_by": null, "descricao": "Sala 1"}}, {"model": "infraestrutura.equipamento", "pk": "0efa8a3e-a400-49b0-80e2-5ed3e923803a", "fields": {"created_at": "2024-10-29T02:41:07.620Z", "updated_at": "2024-10-29T02:41:07.621Z", "created_by": "5ef14613-3dfe-42f6-a349-0eb15cfa3c99", "updated_by": null, "descricao": "Chromebook"}}, {"model": "infraestrutura.equipamento", "pk": "2f402421-3f9f-42d2-9e2a-ab1d68e0b09a", "fields": {"created_at": "2024-10-29T02:40:58.544Z", "updated_at": "2024-10-29T02:40:58.544Z", "created_by": "5ef14613-3dfe-42f6-a349-0eb15cfa3c99", "updated_by": null, "descricao": "iPad"}}, {"model": "infraestrutura.equipamento", "pk": "9a518ed2-14ee-44e0-9fb2-6180b0ab7142", "fields": {"created_at": "2024-10-29T02:41:15.901Z", "updated_at": "2024-10-29T02:45:52.624Z", "created_by": "5ef14613-3dfe-42f6-a349-0eb15cfa3c99", "updated_by": "5ef14613-3dfe-42f6-a349-0eb15cfa3c99", "descricao": "Projetor"}}, {"model": "infraestrutura.equipamento", "pk": "9fc85d3d-8a47-40c5-abcd-3485cb868c69", "fields": {"created_at": "2024-10-29T02:41:22.897Z", "updated_at": "2024-10-29T02:41:22.897Z", "created_by": "5ef14613-3dfe-42f6-a349-0eb15cfa3c99", "updated_by": null, "descricao": "Caixa de Som"}}, {"model": "infraestrutura.equipamento", "pk": "f34d0c0f-58a9-44eb-a820-5b585ac09ac8", "fields": {"created_at": "2024-10-29T02:41:12.072Z", "updated_at": "2024-10-29T02:41:12.072Z", "created_by": "5ef14613-3dfe-42f6-a349-0eb15cfa3c99", "updated_by": null, "descricao": "Notebook"}}, {"model": "infraestrutura.statusdispositivo", "pk": "27165ffd-c212-4f7b-80b5-5ee5cd0508ea", "fields": {"created_at": "2024-10-29T02:42:36.613Z", "updated_at": "2024-10-29T02:42:36.613Z", "created_by": "5ef14613-3dfe-42f6-a349-0eb15cfa3c99", "updated_by": null, "descricao": "Apto para Uso", "permite_circular": true, "color": "#006400"}}, {"model": "infraestrutura.statusdispositivo", "pk": "7968f6bd-815e-42ab-bf78-abaf78600d3f", "fields": {"created_at": "2024-10-29T02:42:58.189Z", "updated_at": "2024-10-29T02:43:36.303Z", "created_by": "5ef14613-3dfe-42f6-a349-0eb15cfa3c99", "updated_by": "5ef14613-3dfe-42f6-a349-0eb15cfa3c99", "descricao": "Danificado", "permite_circular": true, "color": "#FF8C00"}}, {"model": "infraestrutura.statusdispositivo", "pk": "ea360c76-3284-4ad2-a6f5-bd236c9dde12", "fields": {"created_at": "2024-10-29T02:43:19.286Z", "updated_at": "2024-10-29T02:43:19.286Z", "created_by": "5ef14613-3dfe-42f6-a349-0eb15cfa3c99", "updated_by": null, "descricao": "Avariado", "permite_circular": false, "color": "#FF4500"}}, {"model": "infraestrutura.dispositivo", "pk": "1c91e52d-9187-4dbf-91c3-45e0c6741258", "fields": {"created_at": "2024-10-29T02:44:32.060Z", "updated_at": "2024-10-29T02:57:31.275Z", "created_by": "5ef14613-3dfe-42f6-a349-0eb15cfa3c99", "updated_by": null, "identificador": "0003", "serie": "00031", "equipamento": "2f402421-3f9f-42d2-9e2a-ab1d68e0b09a", "status_inventario": "27165ffd-c212-4f7b-80b5-5ee5cd0508ea", "obs_inventario": null, "situacao": "EM_CIRCULACAO", "obs": ""}}, {"model": "infraestrutura.dispositivo", "pk": "1f1fc3f0-e305-44a3-b688-fc1de23a3828", "fields": {"created_at": "2024-10-29T02:44:01.079Z", "updated_at": "2024-10-29T02:57:31.262Z", "created_by": "5ef14613-3dfe-42f6-a349-0eb15cfa3c99", "updated_by": null, "identificador": "0001", "serie": "00011", "equipamento": "0efa8a3e-a400-49b0-80e2-5ed3e923803a", "status_inventario": "27165ffd-c212-4f7b-80b5-5ee5cd0508ea", "obs_inventario": null, "situacao": "EM_CIRCULACAO", "obs": ""}}, {"model": "infraestrutura.dispositivo", "pk": "22d260be-a203-49e7-82fa-b593b6a6e1df", "fields": {"created_at": "2024-10-29T02:44:16.115Z", "updated_at": "2024-10-29T02:58:32.131Z", "created_by": "5ef14613-3dfe-42f6-a349-0eb15cfa3c99", "updated_by": null, "identificador": "0002", "serie": "00012", "equipamento": "0efa8a3e-a400-49b0-80e2-5ed3e923803a", "status_inventario": "7968f6bd-815e-42ab-bf78-abaf78600d3f", "obs_inventario": null, "situacao": "EM_CIRCULACAO", "obs": ""}}, {"model": "infraestrutura.dispositivo", "pk": "323e715c-5b3f-4188-a775-9abbebea5227", "fields": {"created_at": "2024-10-29T02:45:46.419Z", "updated_at": "2024-10-29T02:45:46.419Z", "created_by": "5ef14613-3dfe-42f6-a349-0eb15cfa3c99", "updated_by": null, "identificador": "0007", "serie": "00071", "equipamento": "9a518ed2-14ee-44e0-9fb2-6180b0ab7142", "status_inventario": "7968f6bd-815e-42ab-bf78-abaf78600d3f", "obs_inventario": null, "situacao": "DISPONIVEL", "obs": null}}, {"model": "infraestrutura.dispositivo", "pk": "448343b1-95eb-4465-bac0-7c48e7c6cc4d", "fields": {"created_at": "2024-10-29T02:45:00.785Z", "updated_at": "2024-10-29T02:45:00.785Z", "created_by": "5ef14613-3dfe-42f6-a349-0eb15cfa3c99", "updated_by": null, "identificador": "0005", "serie": "00033", "equipamento": "2f402421-3f9f-42d2-9e2a-ab1d68e0b09a", "status_inventario": "ea360c76-3284-4ad2-a6f5-bd236c9dde12", "obs_inventario": null, "situacao": "DISPONIVEL", "obs": null}}, {"model": "infraestrutura.dispositivo", "pk": "a9d105bc-cff5-4040-bb14-17002e3e6edc", "fields": {"created_at": "2024-10-29T02:44:45.489Z", "updated_at": "2024-10-29T02:58:32.149Z", "created_by": "5ef14613-3dfe-42f6-a349-0eb15cfa3c99", "updated_by": null, "identificador": "0004", "serie": "00032", "equipamento": "2f402421-3f9f-42d2-9e2a-ab1d68e0b09a", "status_inventario": "7968f6bd-815e-42ab-bf78-abaf78600d3f", "obs_inventario": null, "situacao": "EM_CIRCULACAO", "obs": ""}}, {"model": "infraestrutura.dispositivo", "pk": "dfba039a-e078-421a-a590-a51f53e24a02", "fields": {"created_at": "2024-10-29T02:45:33.278Z", "updated_at": "2024-10-29T02:57:31.295Z", "created_by": "5ef14613-3dfe-42f6-a349-0eb15cfa3c99", "updated_by": null, "identificador": "0006", "serie": "00061", "equipamento": "f34d0c0f-58a9-44eb-a820-5b585ac09ac8", "status_inventario": "27165ffd-c212-4f7b-80b5-5ee5cd0508ea", "obs_inventario": null, "situacao": "EM_CIRCULACAO", "obs": ""}}, {"model": "infraestrutura.logdispositivo", "pk": "2567dd2b-727f-4455-afbc-19645aa11f13", "fields": {"created_at": "2024-10-29T02:57:31.265Z", "created_by": "5ef14613-3dfe-42f6-a349-0eb15cfa3c99", "circulacao": "71b27e96-32cf-4383-bf76-7a8b7375f106", "dispositivo": "1f1fc3f0-e305-44a3-b688-fc1de23a3828", "situacao": "EM_CIRCULACAO", "obs": ""}}, {"model": "infraestrutura.logdispositivo", "pk": "47dcfb32-a3cc-4d51-871d-ac0789042724", "fields": {"created_at": "2024-10-29T02:57:31.299Z", "created_by": "5ef14613-3dfe-42f6-a349-0eb15cfa3c99", "circulacao": "71b27e96-32cf-4383-bf76-7a8b7375f106", "dispositivo": "dfba039a-e078-421a-a590-a51f53e24a02", "situacao": "EM_CIRCULACAO", "obs": ""}}, {"model": "infraestrutura.logdispositivo", "pk": "7a16d779-b4e7-4302-b9d2-fa12ccaada01", "fields": {"created_at": "2024-10-29T02:58:32.134Z", "created_by": "5ef14613-3dfe-42f6-a349-0eb15cfa3c99", "circulacao": "56651c81-c028-45b9-afdd-f3713a62ff8c", "dispositivo": "22d260be-a203-49e7-82fa-b593b6a6e1df", "situacao": "EM_CIRCULACAO", "obs": ""}}, {"model": "infraestrutura.logdispositivo", "pk": "cd8f5e4d-ae6a-406f-9afe-09f1f68e70c1", "fields": {"created_at": "2024-10-29T02:57:31.282Z", "created_by": "5ef14613-3dfe-42f6-a349-0eb15cfa3c99", "circulacao": "71b27e96-32cf-4383-bf76-7a8b7375f106", "dispositivo": "1c91e52d-9187-4dbf-91c3-45e0c6741258", "situacao": "EM_CIRCULACAO", "obs": ""}}, {"model": "infraestrutura.logdispositivo", "pk": "fc4605bd-fc04-4553-85df-bc9ccedf603b", "fields": {"created_at": "2024-10-29T02:58:32.151Z", "created_by": "5ef14613-3dfe-42f6-a349-0eb15cfa3c99", "circulacao": "56651c81-c028-45b9-afdd-f3713a62ff8c", "dispositivo": "a9d105bc-cff5-4040-bb14-17002e3e6edc", "situacao": "EM_CIRCULACAO", "obs": ""}}, {"model": "infraestrutura.itemcirculacao", "pk": "09a8d501-2b65-430b-9ebd-4a68c4c184b0", "fields": {"created_at": "2024-10-29T02:57:31.253Z", "updated_at": "2024-10-29T02:57:31.260Z", "created_by": "5ef14613-3dfe-42f6-a349-0eb15cfa3c99", "updated_by": null, "circulacao": "71b27e96-32cf-4383-bf76-7a8b7375f106", "dispositivo": "1f1fc3f0-e305-44a3-b688-fc1de23a3828", "situacao": "EM_CIRCULACAO", "obs": "", "devolvido_em": null, "recebedor": null}}, {"model": "infraestrutura.itemcirculacao", "pk": "0fd6a451-5c56-49cc-996a-e0ac5ac775f9", "fields": {"created_at": "2024-10-29T02:58:32.145Z", "updated_at": "2024-10-29T02:58:32.147Z", "created_by": "5ef14613-3dfe-42f6-a349-0eb15cfa3c99", "updated_by": null, "circulacao": "56651c81-c028-45b9-afdd-f3713a62ff8c", "dispositivo": "a9d105bc-cff5-4040-bb14-17002e3e6edc", "situacao": "EM_CIRCULACAO", "obs": "", "devolvido_em": null, "recebedor": null}}, {"model": "infraestrutura.itemcirculacao", "pk": "2e9d8ce7-0abd-4a94-a9c4-ebf00ddaaf6e", "fields": {"created_at": "2024-10-29T02:57:31.273Z", "updated_at": "2024-10-29T02:57:31.274Z", "created_by": "5ef14613-3dfe-42f6-a349-0eb15cfa3c99", "updated_by": null, "circulacao": "71b27e96-32cf-4383-bf76-7a8b7375f106", "dispositivo": "1c91e52d-9187-4dbf-91c3-45e0c6741258", "situacao": "EM_CIRCULACAO", "obs": "", "devolvido_em": null, "recebedor": null}}, {"model": "infraestrutura.itemcirculacao", "pk": "3cd5c0a8-18a4-4be2-abe1-ed6e12c781f0", "fields": {"created_at": "2024-10-29T02:57:31.291Z", "updated_at": "2024-10-29T02:57:31.293Z", "created_by": "5ef14613-3dfe-42f6-a349-0eb15cfa3c99", "updated_by": null, "circulacao": "71b27e96-32cf-4383-bf76-7a8b7375f106", "dispositivo": "dfba039a-e078-421a-a590-a51f53e24a02", "situacao": "EM_CIRCULACAO", "obs": "", "devolvido_em": null, "recebedor": null}}, {"model": "infraestrutura.itemcirculacao", "pk": "523b824e-b77b-4d4c-847e-7d9d382fd70d", "fields": {"created_at": "2024-10-29T02:58:32.123Z", "updated_at": "2024-10-29T02:58:32.126Z", "created_by": "5ef14613-3dfe-42f6-a349-0eb15cfa3c99", "updated_by": null, "circulacao": "56651c81-c028-45b9-afdd-f3713a62ff8c", "dispositivo": "22d260be-a203-49e7-82fa-b593b6a6e1df", "situacao": "EM_CIRCULACAO", "obs": "", "devolvido_em": null, "recebedor": null}}, {"model": "infraestrutura.circulacao", "pk": "56651c81-c028-45b9-afdd-f3713a62ff8c", "fields": {"created_at": "2024-10-29T02:58:32.113Z", "updated_at": "2024-10-29T02:58:32.113Z", "created_by": "5ef14613-3dfe-42f6-a349-0eb15cfa3c99", "updated_by": null, "local": "7ae3bffa-50f9-41c3-810a-7955dc843fe5", "responsavel": "AUGUSTUS", "email": "jr.jardimmatos@gmail.com", "previsao_devolucao": "2024-10-31T02:00:00Z", "data_baixa": null, "situacao": "ABERTO", "obs": null, "motivo_cancelamento": null, "baixado_por": null}}, {"model": "infraestrutura.circulacao", "pk": "71b27e96-32cf-4383-bf76-7a8b7375f106", "fields": {"created_at": "2024-10-29T02:57:31.242Z", "updated_at": "2024-10-29T02:57:31.242Z", "created_by": "5ef14613-3dfe-42f6-a349-0eb15cfa3c99", "updated_by": null, "local": "d30f7b7c-ebf5-4c69-bf81-eaaf1bdce8c1", "responsavel": "AUGUSTUS", "email": "jr.jardimmatos.gmail.com", "previsao_devolucao": "2024-10-30T02:00:00Z", "data_baixa": null, "situacao": "ABERTO", "obs": null, "motivo_cancelamento": null, "baixado_por": null}}, {"model": "infraestrutura.logcirculacao", "pk": "4a946959-390b-40b5-99d4-afc3b4209175", "fields": {"created_at": "2024-10-29T02:58:32.157Z", "created_by": "5ef14613-3dfe-42f6-a349-0eb15cfa3c99", "circulacao": "56651c81-c028-45b9-afdd-f3713a62ff8c", "situacao": "ABERTO", "obs": ""}}, {"model": "infraestrutura.logcirculacao", "pk": "9608f8bf-de91-4983-8c12-af88829dfe68", "fields": {"created_at": "2024-10-29T02:57:31.305Z", "created_by": "5ef14613-3dfe-42f6-a349-0eb15cfa3c99", "circulacao": "71b27e96-32cf-4383-bf76-7a8b7375f106", "situacao": "ABERTO", "obs": ""}}, {"model": "atendimento.unidade", "pk": 1, "fields": {"created_at": "2024-10-27T11:45:19.528Z", "updated_at": "2024-10-27T11:45:19.528Z", "created_by": null, "updated_by": null, "nome": "Unidade I", "descricao": "Unidade de Atendimento I", "ativo": true}}, {"model": "atendimento.local", "pk": 1, "fields": {"created_at": "2024-10-27T11:47:02.589Z", "updated_at": "2024-10-27T11:50:44.473Z", "created_by": null, "updated_by": "70d0e585-f26e-46e0-9349-8271277e573b", "unidade": 1, "nome": "Local A"}}, {"model": "atendimento.local", "pk": 2, "fields": {"created_at": "2024-10-27T12:01:04.500Z", "updated_at": "2024-10-27T12:01:04.500Z", "created_by": "70d0e585-f26e-46e0-9349-8271277e573b", "updated_by": null, "unidade": 1, "nome": "Local B"}}, {"model": "atendimento.local", "pk": 3, "fields": {"created_at": "2024-10-27T12:01:13.069Z", "updated_at": "2024-10-27T12:01:13.069Z", "created_by": "70d0e585-f26e-46e0-9349-8271277e573b", "updated_by": null, "unidade": 1, "nome": "Mesa"}}, {"model": "atendimento.prioridade", "pk": 1, "fields": {"created_at": "2024-10-27T11:52:34.226Z", "updated_at": "2024-10-27T11:52:34.226Z", "created_by": "70d0e585-f26e-46e0-9349-8271277e573b", "updated_by": null, "unidade": 1, "nome": "Convencional", "peso": 1}}, {"model": "atendimento.prioridade", "pk": 2, "fields": {"created_at": "2024-10-27T11:52:45.415Z", "updated_at": "2024-10-27T11:52:45.415Z", "created_by": "70d0e585-f26e-46e0-9349-8271277e573b", "updated_by": null, "unidade": 1, "nome": "Prioridade", "peso": 5}}, {"model": "atendimento.departamento", "pk": 1, "fields": {"created_at": "2024-10-27T11:53:23.281Z", "updated_at": "2024-10-27T11:53:23.281Z", "created_by": "70d0e585-f26e-46e0-9349-8271277e573b", "updated_by": null, "unidade": 1, "nome": "RECEPÇÃO", "descricao": "", "ativo": true}}, {"model": "atendimento.departamento", "pk": 2, "fields": {"created_at": "2024-10-27T11:54:07.268Z", "updated_at": "2024-10-27T11:54:07.268Z", "created_by": "70d0e585-f26e-46e0-9349-8271277e573b", "updated_by": null, "unidade": 1, "nome": "FINANCEIRO", "descricao": "", "ativo": true}}, {"model": "atendimento.departamento", "pk": 3, "fields": {"created_at": "2024-10-27T11:55:13.707Z", "updated_at": "2024-10-27T11:55:13.707Z", "created_by": "70d0e585-f26e-46e0-9349-8271277e573b", "updated_by": null, "unidade": 1, "nome": "OUVIDORIA", "descricao": "", "ativo": true}}, {"model": "atendimento.servico", "pk": 1, "fields": {"created_at": "2024-10-27T11:53:47.544Z", "updated_at": "2024-10-27T11:53:47.544Z", "created_by": "70d0e585-f26e-46e0-9349-8271277e573b", "updated_by": null, "unidade": 1, "nome": "INFORMAÇÕES", "departamento": 1, "sigla": "INF", "descricao": "", "ativo": true}}, {"model": "atendimento.servico", "pk": 2, "fields": {"created_at": "2024-10-27T11:54:13.295Z", "updated_at": "2024-10-27T11:54:13.295Z", "created_by": "70d0e585-f26e-46e0-9349-8271277e573b", "updated_by": null, "unidade": 1, "nome": "FINANCIAMENTO", "departamento": 2, "sigla": "FIN", "descricao": "", "ativo": true}}, {"model": "atendimento.servico", "pk": 3, "fields": {"created_at": "2024-10-27T11:55:20.278Z", "updated_at": "2024-10-27T11:55:20.278Z", "created_by": "70d0e585-f26e-46e0-9349-8271277e573b", "updated_by": null, "unidade": 1, "nome": "RECLAMAÇÃO", "departamento": 3, "sigla": "OUV", "descricao": "", "ativo": true}}, {"model": "atendimento.cliente", "pk": 1, "fields": {"created_at": "2024-10-27T20:41:50.180Z", "updated_at": "2024-10-27T20:41:50.180Z", "created_by": null, "updated_by": null, "matricula": "123456789", "nome": "Augustus", "email": "jr.jardimmatos@gmail.com", "celular": "98988861514"}}, {"model": "atendimento.perfil", "pk": 1, "fields": {"created_at": "2024-10-27T11:51:11.271Z", "updated_at": "2024-10-27T11:51:11.271Z", "created_by": "70d0e585-f26e-46e0-9349-8271277e573b", "updated_by": null, "unidade": 1, "nome": "Auxiliar", "descricao": "", "pode_atender": true, "acessa_triagem": false, "acessa_painel": false}}, {"model": "atendimento.perfil", "pk": 2, "fields": {"created_at": "2024-10-27T11:51:40.147Z", "updated_at": "2024-10-27T11:51:40.147Z", "created_by": "70d0e585-f26e-46e0-9349-8271277e573b", "updated_by": null, "unidade": 1, "nome": "Triagem", "descricao": "", "pode_atender": false, "acessa_triagem": true, "acessa_painel": false}}, {"model": "atendimento.perfil", "pk": 3, "fields": {"created_at": "2024-10-27T11:51:50.108Z", "updated_at": "2024-10-27T11:51:50.108Z", "created_by": "70d0e585-f26e-46e0-9349-8271277e573b", "updated_by": null, "unidade": 1, "nome": "Supervisor", "descricao": "", "pode_atender": true, "acessa_triagem": true, "acessa_painel": true}}, {"model": "atendimento.atendente", "pk": 1, "fields": {"created_at": "2024-10-27T11:55:33.210Z", "updated_at": "2024-10-27T20:46:19.636Z", "created_by": "70d0e585-f26e-46e0-9349-8271277e573b", "updated_by": "70d0e585-f26e-46e0-9349-8271277e573b", "unidade": 1, "usuario": "5ef14613-3dfe-42f6-a349-0eb15cfa3c99", "local": 1, "numero_local": "1", "perfil": 3, "prioridade": null, "ativo": true, "servicos": [1, 2]}}, {"model": "atendimento.atendente", "pk": 2, "fields": {"created_at": "2024-10-27T11:57:19.207Z", "updated_at": "2024-10-27T11:57:19.208Z", "created_by": "70d0e585-f26e-46e0-9349-8271277e573b", "updated_by": null, "unidade": 1, "usuario": "a56aceb9-58a1-4df1-847c-2d1a35f51544", "local": 1, "numero_local": "1", "perfil": 1, "prioridade": null, "ativo": true, "servicos": [2]}}, {"model": "atendimento.atendente", "pk": 3, "fields": {"created_at": "2024-10-27T11:57:56.514Z", "updated_at": "2024-10-27T12:00:05.187Z", "created_by": "70d0e585-f26e-46e0-9349-8271277e573b", "updated_by": "70d0e585-f26e-46e0-9349-8271277e573b", "unidade": 1, "usuario": "e5becad2-8de1-465a-83b2-63a02bf3ef0d", "local": 1, "numero_local": "1", "perfil": 2, "prioridade": null, "ativo": true, "servicos": []}}, {"model": "atendimento.atendente", "pk": 4, "fields": {"created_at": "2024-10-27T12:01:28.812Z", "updated_at": "2024-10-27T12:01:28.812Z", "created_by": "70d0e585-f26e-46e0-9349-8271277e573b", "updated_by": null, "unidade": 1, "usuario": "31913411-c2ae-4058-b87e-3de649702b05", "local": 3, "numero_local": "1", "perfil": 3, "prioridade": null, "ativo": true, "servicos": [1, 2, 3]}}, {"model": "atendimento.atendente", "pk": 5, "fields": {"created_at": "2024-10-27T13:21:17.406Z", "updated_at": "2024-10-27T13:21:45.521Z", "created_by": "70d0e585-f26e-46e0-9349-8271277e573b", "updated_by": "70d0e585-f26e-46e0-9349-8271277e573b", "unidade": 1, "usuario": "70d0e585-f26e-46e0-9349-8271277e573b", "local": 3, "numero_local": "1", "perfil": 3, "prioridade": null, "ativo": true, "servicos": [1, 2, 3]}}, {"model": "atendimento.painelsenha", "pk": 2, "fields": {"created_at": "2024-10-27T20:47:52.721Z", "updated_at": "2024-10-27T20:47:52.721Z", "created_by": null, "updated_by": null, "atendimento": 1}}, {"model": "atendimento.atendimento", "pk": 1, "fields": {"created_at": "2024-10-27T20:41:50.196Z", "updated_at": "2024-10-27T20:47:57.458Z", "created_by": null, "updated_by": null, "unidade": 1, "cliente": 1, "prioridade": 1, "senha": 1, "servico": 3, "atendente_tri": 1, "redirecionado_por": 1, "servico_original": 2, "data_chegada": "2024-10-27T20:41:50.166Z", "data_chamada": "2024-10-27T20:47:52.706Z", "data_inicio": "2024-10-27T20:47:57.445Z", "data_fim": "2024-10-27T20:47:57.445Z", "atendente": 1, "local": 1, "tempo_espera": 362, "tempo_deslocamento": 4, "tempo_atendimento": 0, "tempo_permanencia": 366, "avaliacao": null, "status_atendimento": "nao_compareceu", "sigla_senha": "FIN001", "resolucao": null, "obs": null, "historico": false}}, {"model": "atendimento.atendimentocomentario", "pk": 1, "fields": {"created_at": "2024-10-27T20:47:24.677Z", "updated_at": "2024-10-27T20:47:24.677Z", "created_by": "5ef14613-3dfe-42f6-a349-0eb15cfa3c99", "updated_by": null, "atendimento": 1, "comentario": "Observação aqui..."}}]